label,pattern,replace,type
bad_part,plant atlas,,bad_part
bad_part,atlas des plantes,,bad_part
bad_part,plant atlas,,bad_part
bad_part,atlas de plantas,,bad_part
bad_part,Pflanzenatlas,,bad_part
bad_part,bitki atlası,,bad_part
bad_part,atlas de plantas,,bad_part
bad_part,plant inventory,,bad_part
bad_part,inventaire des plantes,,bad_part
bad_part,plant inventory,,bad_part
bad_part,inventario de planta,,bad_part
bad_part,Pflanzeninventar,,bad_part
bad_part,tesis envanteri,,bad_part
bad_part,inventário de plantas,,bad_part
bad_part,plants atlas,,bad_part
bad_part,atlas des plantes,,bad_part
bad_part,plantis atlas,,bad_part
bad_part,atlas de plantas,,bad_part
bad_part,Pflanzenatlas,,bad_part
bad_part,bitkiler atlası,,bad_part
bad_part,atlas de plantas,,bad_part
bad_part,plants inventory,,bad_part
bad_part,inventaire des plantes,,bad_part
bad_part,plantis inventory,,bad_part
bad_part,inventario de plantas,,bad_part
bad_part,Pflanzeninventar,,bad_part
bad_part,bitki envanteri,,bad_part
bad_part,inventário de plantas,,bad_part
bad_part,plants of,,bad_part
bad_part,plantes de,,bad_part
bad_part,plantae of *,,bad_part
bad_part,plantas de,,bad_part
bad_part,Pflanzen von,,bad_part
bad_part,bitkiler,,bad_part
bad_part,plantas de,,bad_part
part_term,acephalous,corona,flower_part
part_term,acéphale,corona,flower_part
part_term,acephalus,corona,flower_part
part_term,acéfalo,corona,flower_part
part_term,azephal,corona,flower_part
part_term,başsız,corona,flower_part
part_term,acéfalo,corona,flower_part
part_term,achlamydeous,achlamydeous,flower_part
part_term,achlamydée,achlamydeous,flower_part
part_term,achlamydeous,achlamydeous,flower_part
part_term,aclamido,achlamydeous,flower_part
part_term,achlamydös,achlamydeous,flower_part
part_term,aklamidöz,achlamydeous,flower_part
part_term,aclamídeo,achlamydeous,flower_part
part_term,acutangular,acutangular,plant_part
part_term,acutangulaire,acutangular,plant_part
part_term,acutangulare,acutangular,plant_part
part_term,acutangular,acutangular,plant_part
part_term,akutangular,acutangular,plant_part
part_term,akut köşeli,acutangular,plant_part
part_term,acutangular,acutangular,plant_part
part_term,adelphous,adelphous,male_flower_part
part_term,adelfo,adelphous,male_flower_part
part_term,adelphos,adelphous,male_flower_part
part_term,adelphous,adelphous,male_flower_part
part_term,Adelfo,adelphous,male_flower_part
part_term,androecia,stamen,male_flower_part
part_term,androécie,stamen,male_flower_part
part_term,androecia,stamen,male_flower_part
part_term,Androezie,stamen,male_flower_part
part_term,Androecia,stamen,male_flower_part
part_term,androécia,stamen,male_flower_part
part_term,androecium,stamen,male_flower_part
part_term,androcée,stamen,male_flower_part
part_term,androecium,stamen,male_flower_part
part_term,androceo,stamen,male_flower_part
part_term,Androeceum,stamen,male_flower_part
part_term,androecyum,stamen,male_flower_part
part_term,androceu,stamen,male_flower_part
part_term,anthela,anthela,inflorescence
part_term,anthéla,anthela,inflorescence
part_term,anthela,anthela,inflorescence
part_term,antela,anthela,inflorescence
part_term,anthela,anthela,inflorescence
part_term,anther,anther,male_flower_part
part_term,anthère,anther,male_flower_part
part_term,anthera,anther,male_flower_part
part_term,antera,anther,male_flower_part
part_term,Staubbeutel,anther,male_flower_part
part_term,anter,anther,male_flower_part
part_term,antera,anther,male_flower_part
part_term,anthers,anther,male_flower_part
part_term,anthères,anther,male_flower_part
part_term,antherae,anther,male_flower_part
part_term,anteras,anther,male_flower_part
part_term,Staubbeutel,anther,male_flower_part
part_term,anterler,anther,male_flower_part
part_term,anteras,anther,male_flower_part
part_term,apetalous,apetalous,flower_part
part_term,apétale,apetalous,flower_part
part_term,apetalis,apetalous,flower_part
part_term,apétalo,apetalous,flower_part
part_term,apetal,apetalous,flower_part
part_term,yapraksız,apetalous,flower_part
part_term,apétalo,apetalous,flower_part
part_term,apocarpus,apocarpus,female_flower_part
part_term,apocarpe,apocarpus,female_flower_part
part_term,apocarpus,apocarpus,female_flower_part
part_term,apocarpo,apocarpus,female_flower_part
part_term,Apokarpus,apocarpus,female_flower_part
part_term,kıyamet,apocarpus,female_flower_part
part_term,apocarpo,apocarpus,female_flower_part
part_term,aril,aril,fruit_part
part_term,arille,aril,fruit_part
part_term,aril,aril,fruit_part
part_term,arilo,aril,fruit_part
part_term,aril,aril,fruit_part
part_term,arilo,aril,fruit_part
part_term,banner,banner,flower_part
part_term,bannière,banner,flower_part
part_term,vexillum,banner,flower_part
part_term,bandera,banner,flower_part
part_term,Banner,banner,flower_part
part_term,afiş,banner,flower_part
part_term,bandeira,banner,flower_part
part_term,banners,banner,flower_part
part_term,bannières,banner,flower_part
part_term,vexilla,banner,flower_part
part_term,pancartas,banner,flower_part
part_term,Banner,banner,flower_part
part_term,afişler,banner,flower_part
part_term,bandeiras,banner,flower_part
part_term,bark,bark,plant_part
part_term,aboyer,bark,plant_part
part_term,latrare,bark,plant_part
part_term,ladrar,bark,plant_part
part_term,bellen,bark,plant_part
part_term,havlamak,bark,plant_part
part_term,latido,bark,plant_part
part_term,bathyphyll,bathyphyll,leaf_part
part_term,bathyphylle,bathyphyll,leaf_part
part_term,bathyphyll,bathyphyll,leaf_part
part_term,batifila,bathyphyll,leaf_part
part_term,Bathyphyll,bathyphyll,leaf_part
part_term,batifil,bathyphyll,leaf_part
part_term,batifila,bathyphyll,leaf_part
part_term,beak,beak,fruit_part
part_term,bec,beak,fruit_part
part_term,rostrum,beak,fruit_part
part_term,pico,beak,fruit_part
part_term,Schnabel,beak,fruit_part
part_term,gaga,beak,fruit_part
part_term,bico,beak,fruit_part
part_term,beaks,beak,fruit_part
part_term,becs,beak,fruit_part
part_term,rostra,beak,fruit_part
part_term,picos,beak,fruit_part
part_term,Schnäbel,beak,fruit_part
part_term,Gagalar,beak,fruit_part
part_term,bicos,beak,fruit_part
part_term,beltian bodies,beltian body,plant_part
part_term,corps Beltiens,beltian body,plant_part
part_term,beltian corpora,beltian body,plant_part
part_term,cuerpos cinturones,beltian body,plant_part
part_term,Beltsche Körper,beltian body,plant_part
part_term,kemerli organlar,beltian body,plant_part
part_term,corpos beltianos,beltian body,plant_part
part_term,beltian body,beltian body,plant_part
part_term,corps de Beltien,beltian body,plant_part
part_term,beltian corpus,beltian body,plant_part
part_term,cuerpo cinturón,beltian body,plant_part
part_term,Beltscher Körper,beltian body,plant_part
part_term,kemerli vücut,beltian body,plant_part
part_term,corpo beltiano,beltian body,plant_part
part_term,blade,leaf,leaf_part
part_term,lame,leaf,leaf_part
part_term,ferrum,leaf,leaf_part
part_term,cuchilla,leaf,leaf_part
part_term,Klinge,leaf,leaf_part
part_term,bıçak,leaf,leaf_part
part_term,lâmina,leaf,leaf_part
part_term,blades,leaf,leaf_part
part_term,lames,leaf,leaf_part
part_term,laminae,leaf,leaf_part
part_term,cuchillas,leaf,leaf_part
part_term,Klingen,leaf,leaf_part
part_term,bıçaklar,leaf,leaf_part
part_term,lâminas,leaf,leaf_part
part_term,bostryx,bostryx,inflorescence
part_term,brachyblast,brachyblast,plant_part
part_term,brachyblaste,brachyblast,plant_part
part_term,brachyblast,brachyblast,plant_part
part_term,braquiblasto,brachyblast,plant_part
part_term,Brachyblast,brachyblast,plant_part
part_term,brakiblast,brachyblast,plant_part
part_term,braquiblasto,brachyblast,plant_part
part_term,bract,bract,flower_part
part_term,bractée,bract,flower_part
part_term,bracteae,bract,flower_part
part_term,bráctea,bract,flower_part
part_term,Hochblatt,bract,flower_part
part_term,brakte,bract,flower_part
part_term,bráctea,bract,flower_part
part_term,bracteole,bract,flower_part
part_term,bractéole,bract,flower_part
part_term,bracteole,bract,flower_part
part_term,bractéola,bract,flower_part
part_term,Brakteole,bract,flower_part
part_term,brakteol,bract,flower_part
part_term,bractéola,bract,flower_part
part_term,bracteoles,bract,flower_part
part_term,bractéoles,bract,flower_part
part_term,bracteolae,bract,flower_part
part_term,bractéolas,bract,flower_part
part_term,Brakteolen,bract,flower_part
part_term,brakteoller,bract,flower_part
part_term,bractéolas,bract,flower_part
part_term,bractlet,bract,flower_part
part_term,bracelet,bract,flower_part
part_term,bractle,bract,flower_part
part_term,bractleta,bract,flower_part
part_term,Braktlet,bract,flower_part
part_term,braktelet,bract,flower_part
part_term,bráctea,bract,flower_part
part_term,bractlets,bract,flower_part
part_term,bractles,bract,flower_part
part_term,bracteis,bract,flower_part
part_term,bractletas,bract,flower_part
part_term,Braktetten,bract,flower_part
part_term,brakteletler,bract,flower_part
part_term,brácteas,bract,flower_part
part_term,bracts,bract,flower_part
part_term,bractées,bract,flower_part
part_term,bracteae,bract,flower_part
part_term,brácteas,bract,flower_part
part_term,Hochblätter,bract,flower_part
part_term,diş telleri,bract,flower_part
part_term,brácteas,bract,flower_part
part_term,branch,branch,plant_part
part_term,bifurquer,branch,plant_part
part_term,ramus,branch,plant_part
part_term,rama,branch,plant_part
part_term,Zweig,branch,plant_part
part_term,dal,branch,plant_part
part_term,filial,branch,plant_part
part_term,branches,branch,plant_part
part_term,succursales,branch,plant_part
part_term,rami,branch,plant_part
part_term,sucursales,branch,plant_part
part_term,Zweige,branch,plant_part
part_term,şubeler,branch,plant_part
part_term,galhos,branch,plant_part
part_term,branchlet,branch,plant_part
part_term,rameau,branch,plant_part
part_term,ramulus,branch,plant_part
part_term,ramita,branch,plant_part
part_term,Zweig,branch,plant_part
part_term,dalcık,branch,plant_part
part_term,raminho,branch,plant_part
part_term,branchlets,branch,plant_part
part_term,rameaux,branch,plant_part
part_term,ramuli,branch,plant_part
part_term,ramitas,branch,plant_part
part_term,Zweige,branch,plant_part
part_term,dalcıklar,branch,plant_part
part_term,raminhos,branch,plant_part
part_term,bud,bud,plant_part
part_term,bourgeon,bud,plant_part
part_term,germen,bud,plant_part
part_term,brote,bud,plant_part
part_term,Knospe,bud,plant_part
part_term,tomurcuk,bud,plant_part
part_term,broto,bud,plant_part
part_term,buds,bud,plant_part
part_term,bourgeons,bud,plant_part
part_term,gemmae,bud,plant_part
part_term,brotes,bud,plant_part
part_term,Knospen,bud,plant_part
part_term,tomurcuklar,bud,plant_part
part_term,botões,bud,plant_part
part_term,calathid,calathid,inflorescence
part_term,calathide,calathid,inflorescence
part_term,calathid,calathid,inflorescence
part_term,calatido,calathid,inflorescence
part_term,Calathid,calathid,inflorescence
part_term,kalatid,calathid,inflorescence
part_term,calatídeo,calathid,inflorescence
part_term,calyces,calyx,flower_part
part_term,calices,calyx,flower_part
part_term,calyces,calyx,flower_part
part_term,cálices,calyx,flower_part
part_term,Kelche,calyx,flower_part
part_term,kaliksler,calyx,flower_part
part_term,cálices,calyx,flower_part
part_term,calyx,calyx,flower_part
part_term,calice,calyx,flower_part
part_term,calyx,calyx,flower_part
part_term,cáliz,calyx,flower_part
part_term,Kelch,calyx,flower_part
part_term,çanak,calyx,flower_part
part_term,cálice,calyx,flower_part
part_term,capitula,capitulum,inflorescence
part_term,capitule,capitulum,inflorescence
part_term,capitulari,capitulum,inflorescence
part_term,capítulo,capitulum,inflorescence
part_term,Kapitell,capitulum,inflorescence
part_term,kapitula,capitulum,inflorescence
part_term,capítulos,capitulum,inflorescence
part_term,capitulum,capitulum,inflorescence
part_term,capitule,capitulum,inflorescence
part_term,capitulum,capitulum,inflorescence
part_term,capítulo,capitulum,inflorescence
part_term,Kapitell,capitulum,inflorescence
part_term,kapitulum,capitulum,inflorescence
part_term,capítulo,capitulum,inflorescence
part_term,carpel,carpel,flower_part
part_term,carpelle,carpel,flower_part
part_term,carpel,carpel,flower_part
part_term,trocito de fruta,carpel,flower_part
part_term,Fruchtblatt,carpel,flower_part
part_term,karpel,carpel,flower_part
part_term,carpelo,carpel,flower_part
part_term,carpellate,carpellate,female_flower_part
part_term,carpellé,carpellate,female_flower_part
part_term,carpellate,carpellate,female_flower_part
part_term,carpelar,carpellate,female_flower_part
part_term,karpelliert,carpellate,female_flower_part
part_term,karpelat,carpellate,female_flower_part
part_term,carpelado,carpellate,female_flower_part
part_term,carpels,carpel,flower_part
part_term,carpelles,carpel,flower_part
part_term,carpellis,carpel,flower_part
part_term,carpelos,carpel,flower_part
part_term,Fruchtblätter,carpel,flower_part
part_term,halılar,carpel,flower_part
part_term,carpelos,carpel,flower_part
part_term,catkin,catkin,inflorescence
part_term,chaton,catkin,inflorescence
part_term,amentorum,catkin,inflorescence
part_term,pendiente,catkin,inflorescence
part_term,Kätzchen,catkin,inflorescence
part_term,kedicik,catkin,inflorescence
part_term,gatinho,catkin,inflorescence
part_term,catkins,catkin,inflorescence
part_term,chatons,catkin,inflorescence
part_term,amentis,catkin,inflorescence
part_term,amentos,catkin,inflorescence
part_term,Kätzchen,catkin,inflorescence
part_term,kedicikler,catkin,inflorescence
part_term,amentilhos,catkin,inflorescence
part_term,caudex,caudex,plant_part
part_term,Caudex,caudex,plant_part
part_term,caudex,caudex,plant_part
part_term,caudices,caudex,plant_part
part_term,kaudisler,caudex,plant_part
part_term,caudices,caudex,plant_part
part_term,cincinnus,cincinnus,inflorescence
part_term,Cincinnus,cincinnus,inflorescence
part_term,Cincinus,cincinnus,inflorescence
part_term,cladode,cladode,plant_part
part_term,cladodio,cladode,plant_part
part_term,Cladode,cladode,plant_part
part_term,elbise,cladode,plant_part
part_term,cladódio,cladode,plant_part
part_term,cladophyll,cladophyll,plant_part
part_term,cladophylle,cladophyll,plant_part
part_term,cladophyll,cladophyll,plant_part
part_term,cladófila,cladophyll,plant_part
part_term,Cladophyll,cladophyll,plant_part
part_term,kladofil,cladophyll,plant_part
part_term,cladofila,cladophyll,plant_part
part_term,claw,claw,flower_part
part_term,griffe,claw,flower_part
part_term,unguibus,claw,flower_part
part_term,garra,claw,flower_part
part_term,Klaue,claw,flower_part
part_term,pençe,claw,flower_part
part_term,garra,claw,flower_part
part_term,claws,claw,flower_part
part_term,les griffes,claw,flower_part
part_term,ungues,claw,flower_part
part_term,garras,claw,flower_part
part_term,Krallen,claw,flower_part
part_term,pençeler,claw,flower_part
part_term,garras,claw,flower_part
part_term,column,column,plant_part
part_term,colonne,column,plant_part
part_term,columnae,column,plant_part
part_term,columna,column,plant_part
part_term,Spalte,column,plant_part
part_term,kolon,column,plant_part
part_term,coluna,column,plant_part
part_term,columned,column,plant_part
part_term,colonnade,column,plant_part
part_term,columnatum,column,plant_part
part_term,columnado,column,plant_part
part_term,säulenförmig,column,plant_part
part_term,sütunlu,column,plant_part
part_term,colunado,column,plant_part
part_term,compound capitulum,compound capitulum,inflorescence
part_term,capitule composé,compound capitulum,inflorescence
part_term,compositum capitulum,compound capitulum,inflorescence
part_term,capítulo compuesto,compound capitulum,inflorescence
part_term,zusammengesetztes Kapitell,compound capitulum,inflorescence
part_term,bileşik kapitulum,compound capitulum,inflorescence
part_term,capítulo composto,compound capitulum,inflorescence
part_term,compound pistil,compound pistil,female_flower_part
part_term,pistil composé,compound pistil,female_flower_part
part_term,compositis pistillum,compound pistil,female_flower_part
part_term,pistilo compuesto,compound pistil,female_flower_part
part_term,zusammengesetzter Stempel,compound pistil,female_flower_part
part_term,bileşik pistil,compound pistil,female_flower_part
part_term,pistilo composto,compound pistil,female_flower_part
part_term,compound raceme,compound raceme,inflorescence
part_term,grappe composée,compound raceme,inflorescence
part_term,compositis racemum,compound raceme,inflorescence
part_term,racimo compuesto,compound raceme,inflorescence
part_term,zusammengesetzte Traube,compound raceme,inflorescence
part_term,bileşik salkım,compound raceme,inflorescence
part_term,racemo composto,compound raceme,inflorescence
part_term,compound spike,compound spike,inflorescence
part_term,pointe composée,compound spike,inflorescence
part_term,spica compositis,compound spike,inflorescence
part_term,pico compuesto,compound spike,inflorescence
part_term,zusammengesetzte Spitze,compound spike,inflorescence
part_term,bileşik başak,compound spike,inflorescence
part_term,pico composto,compound spike,inflorescence
part_term,compound spikes,compound spikes,inflorescence
part_term,pointes composées,compound spikes,inflorescence
part_term,spicis compositis,compound spikes,inflorescence
part_term,picos compuestos,compound spikes,inflorescence
part_term,zusammengesetzte Spitzen,compound spikes,inflorescence
part_term,bileşik sivri uçlar,compound spikes,inflorescence
part_term,pontas compostas,compound spikes,inflorescence
part_term,compound umbel,compound umbel,inflorescence
part_term,ombelle composée,compound umbel,inflorescence
part_term,umbellam compositis,compound umbel,inflorescence
part_term,umbela compuesta,compound umbel,inflorescence
part_term,zusammengesetzte Dolde,compound umbel,inflorescence
part_term,bileşik şemsiye,compound umbel,inflorescence
part_term,umbela composta,compound umbel,inflorescence
part_term,connective,connective,male_flower_part
part_term,conjonctif,connective,male_flower_part
part_term,nota,connective,male_flower_part
part_term,conectivo,connective,male_flower_part
part_term,verbindend,connective,male_flower_part
part_term,bağlayıcı,connective,male_flower_part
part_term,conectivo,connective,male_flower_part
part_term,corm,corm,plant_part
part_term,bulbe,corm,plant_part
part_term,corm,corm,plant_part
part_term,cormo,corm,plant_part
part_term,Knolle,corm,plant_part
part_term,soğan,corm,plant_part
part_term,cormo,corm,plant_part
part_term,corolla,corolla,flower_part
part_term,corolle,corolla,flower_part
part_term,corolla,corolla,flower_part
part_term,corola,corolla,flower_part
part_term,Blumenkrone,corolla,flower_part
part_term,taç yaprağı,corolla,flower_part
part_term,corola,corolla,flower_part
part_term,corollas,corolla,flower_part
part_term,corolles,corolla,flower_part
part_term,corollas,corolla,flower_part
part_term,corolas,corolla,flower_part
part_term,Blumenkronen,corolla,flower_part
part_term,taçlar,corolla,flower_part
part_term,corolas,corolla,flower_part
part_term,corona,corona,flower_part
part_term,couronne,corona,flower_part
part_term,corona,corona,flower_part
part_term,Corona,corona,flower_part
part_term,korona,corona,flower_part
part_term,coroa,corona,flower_part
part_term,coronas,coronas,flower_part
part_term,couronnes,coronas,flower_part
part_term,coronas,coronas,flower_part
part_term,Koronen,coronas,flower_part
part_term,koronalar,coronas,flower_part
part_term,coroas,coronas,flower_part
part_term,cortex,,plant_part
part_term,corteza,,plant_part
part_term,Kortex,,plant_part
part_term,korteks,,plant_part
part_term,córtex,,plant_part
part_term,corymb,corymb,inflorescence
part_term,corymbe,corymb,inflorescence
part_term,corymb,corymb,inflorescence
part_term,corimbo,corymb,inflorescence
part_term,Doldentrauben,corymb,inflorescence
part_term,corymb,corymb,inflorescence
part_term,corimbo,corymb,inflorescence
part_term,costate,rib,leaf_part
part_term,costar,rib,leaf_part
part_term,Costa,rib,leaf_part
part_term,kaburgalı,rib,leaf_part
part_term,costa,rib,leaf_part
part_term,cotyledon,cotyledon,fruit_part
part_term,cotylédon,cotyledon,fruit_part
part_term,cotyledon,cotyledon,fruit_part
part_term,cotiledón,cotyledon,fruit_part
part_term,Keimblatt,cotyledon,fruit_part
part_term,kotiledon,cotyledon,fruit_part
part_term,cotilédone,cotyledon,fruit_part
part_term,cotyledons,cotyledon,fruit_part
part_term,cotylédons,cotyledon,fruit_part
part_term,cotyledons,cotyledon,fruit_part
part_term,cotiledones,cotyledon,fruit_part
part_term,Keimblätter,cotyledon,fruit_part
part_term,kotiledonlar,cotyledon,fruit_part
part_term,cotilédones,cotyledon,fruit_part
part_term,craspedium,craspedium,plant_part
part_term,craspédium,craspedium,plant_part
part_term,craspedium,craspedium,plant_part
part_term,craspedio,craspedium,plant_part
part_term,Craspedium,craspedium,plant_part
part_term,Craspédio,craspedium,plant_part
part_term,cyathium,cyathium,inflorescence
part_term,ciatio,cyathium,inflorescence
part_term,Cyathium,cyathium,inflorescence
part_term,kiyatyum,cyathium,inflorescence
part_term,ciátio,cyathium,inflorescence
part_term,cyme,cyme,inflorescence
part_term,cima,cyme,inflorescence
part_term,Cyme,cyme,inflorescence
part_term,talkım,cyme,inflorescence
part_term,cime,cyme,inflorescence
part_term,cymes,cyme,inflorescence
part_term,cimas,cyme,inflorescence
part_term,Zymen,cyme,inflorescence
part_term,similer,cyme,inflorescence
part_term,cimeiras,cyme,inflorescence
part_term,cymose corymb,cymose corymb,inflorescence
part_term,corymbe cymeux,cymose corymb,inflorescence
part_term,cymosum corymb,cymose corymb,inflorescence
part_term,corimbo cimoso,cymose corymb,inflorescence
part_term,Zymose Doldentrauben,cymose corymb,inflorescence
part_term,cymose corymb,cymose corymb,inflorescence
part_term,corimbo cimoso,cymose corymb,inflorescence
part_term,dehiscent,dehiscent,fruit_part
part_term,déhiscent,dehiscent,fruit_part
part_term,dehiscent,dehiscent,fruit_part
part_term,dehiscente,dehiscent,fruit_part
part_term,dehiszent,dehiscent,fruit_part
part_term,ayrışan,dehiscent,fruit_part
part_term,deiscente,dehiscent,fruit_part
part_term,diadelphous,diadelphous,male_flower_part
part_term,diadelphe,diadelphous,male_flower_part
part_term,diadelphous,diadelphous,male_flower_part
part_term,diadelfo,diadelphous,male_flower_part
part_term,diadelphos,diadelphous,male_flower_part
part_term,diadelphous,diadelphous,male_flower_part
part_term,diadelfo,diadelphous,male_flower_part
part_term,dichasium,dichasium,inflorescence
part_term,dicasio,dichasium,inflorescence
part_term,Dichasium,dichasium,inflorescence
part_term,dikaziyum,dichasium,inflorescence
part_term,dicásio,dichasium,inflorescence
part_term,didynamous,didynamous,male_flower_part
part_term,didynamique,didynamous,male_flower_part
part_term,didynamous,didynamous,male_flower_part
part_term,didáctico,didynamous,male_flower_part
part_term,didynamous,didynamous,male_flower_part
part_term,iki isimli,didynamous,male_flower_part
part_term,didático,didynamous,male_flower_part
part_term,disc,disk,flower_part
part_term,disque,disk,flower_part
part_term,disc,disk,flower_part
part_term,desct,disk,flower_part
part_term,Scheibe,disk,flower_part
part_term,disk,disk,flower_part
part_term,disco,disk,flower_part
part_term,discs,disk,flower_part
part_term,disques,disk,flower_part
part_term,disc,disk,flower_part
part_term,discos,disk,flower_part
part_term,Scheiben,disk,flower_part
part_term,diskler,disk,flower_part
part_term,discos,disk,flower_part
part_term,disk,disk,flower_part
part_term,disque,disk,flower_part
part_term,"orbis """,disk,flower_part
part_term,disco,disk,flower_part
part_term,Scheibe,disk,flower_part
part_term,disk,disk,flower_part
part_term,disco,disk,flower_part
part_term,disks,disk,flower_part
part_term,disques,disk,flower_part
part_term,"orbis """,disk,flower_part
part_term,discos,disk,flower_part
part_term,Festplatten,disk,flower_part
part_term,diskler,disk,flower_part
part_term,discos,disk,flower_part
part_term,double cyme ,double cyme,inflorescence
part_term,cyme double,double cyme,inflorescence
part_term,duplex cyme,double cyme,inflorescence
part_term,doble cima,double cyme,inflorescence
part_term,Doppelzyme,double cyme,inflorescence
part_term,çift ​​sim,double cyme,inflorescence
part_term,cime duplo,double cyme,inflorescence
part_term,double umbel,double umbel,inflorescence
part_term,double ombelle,double umbel,inflorescence
part_term,duplex umbella,double umbel,inflorescence
part_term,doble umbela,double umbel,inflorescence
part_term,Doppeldolde,double umbel,inflorescence
part_term,çift ​​şemsiye,double umbel,inflorescence
part_term,umbela dupla,double umbel,inflorescence
part_term,drepanium,drepanium,inflorescence
part_term,drépanium,drepanium,inflorescence
part_term,drepanium,drepanium,inflorescence
part_term,drepanio,drepanium,inflorescence
part_term,Drepanium,drepanium,inflorescence
part_term,drepanyum,drepanium,inflorescence
part_term,drepânio,drepanium,inflorescence
part_term,endocarp,endocarp,fruit_part
part_term,endocarpe,endocarp,fruit_part
part_term,endocarp,endocarp,fruit_part
part_term,endocarpio,endocarp,fruit_part
part_term,Endokarp,endocarp,fruit_part
part_term,endokarp,endocarp,fruit_part
part_term,endocarpo,endocarp,fruit_part
part_term,endodermis,,plant_part
part_term,endoderme,,plant_part
part_term,endodermis,,plant_part
part_term,Endodermis,,plant_part
part_term,endodermis,,plant_part
part_term,endoderme,,plant_part
part_term,epicalyces,epicalyx,flower_part
part_term,épicalyses,epicalyx,flower_part
part_term,epicalyces,epicalyx,flower_part
part_term,epicálisis,epicalyx,flower_part
part_term,Epicalyces,epicalyx,flower_part
part_term,Epikaliksler,epicalyx,flower_part
part_term,epicálices,epicalyx,flower_part
part_term,epicalyx,epicalyx,flower_part
part_term,épicalyx,epicalyx,flower_part
part_term,epicalyx,epicalyx,flower_part
part_term,epicáliz,epicalyx,flower_part
part_term,Epicalyx,epicalyx,flower_part
part_term,epikaliks,epicalyx,flower_part
part_term,epicálice,epicalyx,flower_part
part_term,epidermis,,plant_part
part_term,épiderme,,plant_part
part_term,epidermis,,plant_part
part_term,Epidermis,,plant_part
part_term,epidermis,,plant_part
part_term,epiderme,,plant_part
part_term,epipetalous,epipetalous,male_flower_part
part_term,épipétale,epipetalous,male_flower_part
part_term,epipetalus,epipetalous,male_flower_part
part_term,epipétalo,epipetalous,male_flower_part
part_term,epipetal,epipetalous,male_flower_part
part_term,epipetalöz,epipetalous,male_flower_part
part_term,epipétalo,epipetalous,male_flower_part
part_term,exocarp,exocarp,fruit_part
part_term,exocarpe,exocarp,fruit_part
part_term,exocarp,exocarp,fruit_part
part_term,exocarpio,exocarp,fruit_part
part_term,Exokarp,exocarp,fruit_part
part_term,ekzokarp,exocarp,fruit_part
part_term,exocarpo,exocarp,fruit_part
part_term,exserted,exserted,male_flower_part
part_term,exercé,exserted,male_flower_part
part_term,exsertus,exserted,male_flower_part
part_term,ejercido,exserted,male_flower_part
part_term,ausgeübt,exserted,male_flower_part
part_term,uygulanan,exserted,male_flower_part
part_term,exercido,exserted,male_flower_part
part_term,false spike,false spike,inflorescence
part_term,faux pic,false spike,inflorescence
part_term,falsus spiculum,false spike,inflorescence
part_term,pico falso,false spike,inflorescence
part_term,falsche Spitze,false spike,inflorescence
part_term,yanlış başak,false spike,inflorescence
part_term,pico falso,false spike,inflorescence
part_term,fascicle,fascicle,plant_part
part_term,fascicule,fascicle,plant_part
part_term,fasciculum,fascicle,plant_part
part_term,fascículo,fascicle,plant_part
part_term,Faszikel,fascicle,plant_part
part_term,fasikül,fascicle,plant_part
part_term,fascículo,fascicle,plant_part
part_term,fascicles,fascicles,inflorescence
part_term,fascicules,fascicles,inflorescence
part_term,fasciculi,fascicles,inflorescence
part_term,fascículos,fascicles,inflorescence
part_term,Faszikel,fascicles,inflorescence
part_term,fasiküller,fascicles,inflorescence
part_term,fascículos,fascicles,inflorescence
part_term,filament,filament,male_flower_part
part_term,filum,filament,male_flower_part
part_term,filamento,filament,male_flower_part
part_term,Filament,filament,male_flower_part
part_term,filaman,filament,male_flower_part
part_term,filamento,filament,male_flower_part
part_term,filaments,filament,male_flower_part
part_term,filamentis,filament,male_flower_part
part_term,filamentos,filament,male_flower_part
part_term,Filamente,filament,male_flower_part
part_term,filamentler,filament,male_flower_part
part_term,filamentos,filament,male_flower_part
part_term,fl,flower,flower_part
part_term,fl*,flower,flower_part
part_term,Florida,flower,flower_part
part_term,fl,flower,flower_part
part_term,FL,flower,flower_part
part_term,fl-buds,flower-buds,flower_part
part_term,fl-bourgeons,flower-buds,flower_part
part_term,fl-germina,flower-buds,flower_part
part_term,brotes fl,flower-buds,flower_part
part_term,Fl-Knospen,flower-buds,flower_part
part_term,fl tomurcukları,flower-buds,flower_part
part_term,botões fl,flower-buds,flower_part
part_term,fl-spikes,flower-spikes,inflorescence
part_term,pointes fl,flower-spikes,inflorescence
part_term,fl-spicis,flower-spikes,inflorescence
part_term,picos de fl,flower-spikes,inflorescence
part_term,fl-Spikes,flower-spikes,inflorescence
part_term,fl-sivri uçlar,flower-spikes,inflorescence
part_term,picos de fl,flower-spikes,inflorescence
part_term,fld,flowered,flower_part
part_term,floral axis,floral axis,flower_part
part_term,axe floral,floral axis,flower_part
part_term,floralis axis,floral axis,flower_part
part_term,eje floral,floral axis,flower_part
part_term,Blumenachse,floral axis,flower_part
part_term,çiçek ekseni,floral axis,flower_part
part_term,eixo floral,floral axis,flower_part
part_term,floral axes,floral axis,flower_part
part_term,haches florales,floral axis,flower_part
part_term,securibus floralibus,floral axis,flower_part
part_term,hachas florales,floral axis,flower_part
part_term,Blumenäxte,floral axis,flower_part
part_term,çiçek eksenleri,floral axis,flower_part
part_term,machados florais,floral axis,flower_part
part_term,floral bract,bract,flower_part
part_term,bractée florale,bract,flower_part
part_term,floralis bracteae,bract,flower_part
part_term,bráctea floral,bract,flower_part
part_term,Blütenhüllblatt,bract,flower_part
part_term,çiçek braktesi,bract,flower_part
part_term,bráctea floral,bract,flower_part
part_term,floral bracts,bract,flower_part
part_term,bractées florales,bract,flower_part
part_term,bracteae florae,bract,flower_part
part_term,brácteas florales,bract,flower_part
part_term,Blütenhüllblätter,bract,flower_part
part_term,çiçek diş telleri,bract,flower_part
part_term,brácteas florais,bract,flower_part
part_term,floral envelope,floral envelope,flower_part
part_term,enveloppe florale,floral envelope,flower_part
part_term,florum involucro,floral envelope,flower_part
part_term,sobre floral,floral envelope,flower_part
part_term,Blumenumschlag,floral envelope,flower_part
part_term,çiçek zarfı,floral envelope,flower_part
part_term,envelope floral,floral envelope,flower_part
part_term,floral envelopes,floral envelope,flower_part
part_term,enveloppes florales,floral envelope,flower_part
part_term,florum involucris,floral envelope,flower_part
part_term,sobres florales,floral envelope,flower_part
part_term,Blumenumschläge,floral envelope,flower_part
part_term,çiçek zarfları,floral envelope,flower_part
part_term,envelopes florais,floral envelope,flower_part
part_term,floral guide,floral guide,flower_part
part_term,guide floral,floral guide,flower_part
part_term,floralis dux,floral guide,flower_part
part_term,guía floral,floral guide,flower_part
part_term,Blumenführer,floral guide,flower_part
part_term,çiçek rehberi,floral guide,flower_part
part_term,guia floral,floral guide,flower_part
part_term,floral guides,floral guide,flower_part
part_term,guides floraux,floral guide,flower_part
part_term,duces florum,floral guide,flower_part
part_term,guias florales,floral guide,flower_part
part_term,Blumenführer,floral guide,flower_part
part_term,çiçek kılavuzları,floral guide,flower_part
part_term,guias florais,floral guide,flower_part
part_term,floral leaf,leaf,flower_part
part_term,feuille florale,leaf,flower_part
part_term,folium florum,leaf,flower_part
part_term,hoja floral,leaf,flower_part
part_term,Blumenblatt,leaf,flower_part
part_term,çiçek yaprağı,leaf,flower_part
part_term,folha floral,leaf,flower_part
part_term,floral leaves,leaf,flower_part
part_term,feuilles florales,leaf,flower_part
part_term,folia floralia,leaf,flower_part
part_term,hojas florales,leaf,flower_part
part_term,Blumenblätter,leaf,flower_part
part_term,çiçek yaprakları,leaf,flower_part
part_term,folhas florais,leaf,flower_part
part_term,floret,floret,flower_part
part_term,fleuron,floret,flower_part
part_term,floret,floret,flower_part
part_term,florete,floret,flower_part
part_term,Blümchen,floret,flower_part
part_term,çiçek,floret,flower_part
part_term,florzinha,floret,flower_part
part_term,florets,floret,flower_part
part_term,fleurons,floret,flower_part
part_term,flores,floret,flower_part
part_term,floretes,floret,flower_part
part_term,Blütchen,floret,flower_part
part_term,çiçekler,floret,flower_part
part_term,florzinhas,floret,flower_part
part_term,flower,flower,flower_part
part_term,fleur,flower,flower_part
part_term,flos,flower,flower_part
part_term,flor,flower,flower_part
part_term,Blume,flower,flower_part
part_term,çiçek,flower,flower_part
part_term,flor,flower,flower_part
part_term,flowering branch,branch,flower_part
part_term,branche fleurie,branch,flower_part
part_term,flos,branch,flower_part
part_term,rama floreciente,branch,flower_part
part_term,blühender Zweig,branch,flower_part
part_term,Çiçekli dal,branch,flower_part
part_term,ramo florido,branch,flower_part
part_term,flowering branches,branch,flower_part
part_term,branches fleuries,branch,flower_part
part_term,ramis florentibus,branch,flower_part
part_term,ramas florecientes,branch,flower_part
part_term,blühende Zweige,branch,flower_part
part_term,Çiçekli dallar,branch,flower_part
part_term,ramos floridos,branch,flower_part
part_term,flowering stem,flowering stem,flower_part
part_term,tige fleurie,flowering stem,flower_part
part_term,anthesi,flowering stem,flower_part
part_term,tallo floreciente,flowering stem,flower_part
part_term,blühender Stängel,flowering stem,flower_part
part_term,Çiçekli kök,flowering stem,flower_part
part_term,caule florido,flowering stem,flower_part
part_term,flowering stems,flowering stem,flower_part
part_term,tiges fleuries,flowering stem,flower_part
part_term,florentibus caulibus,flowering stem,flower_part
part_term,tallos florecientes,flowering stem,flower_part
part_term,blühende Stängel,flowering stem,flower_part
part_term,Çiçekli saplar,flowering stem,flower_part
part_term,hastes floridas,flowering stem,flower_part
part_term,flowers,flower,flower_part
part_term,fleurs,flower,flower_part
part_term,flores,flower,flower_part
part_term,Blumen,flower,flower_part
part_term,çiçekler,flower,flower_part
part_term,flores,flower,flower_part
part_term,fls,flower,flower_part
part_term,fls *,flower,flower_part
part_term,fls,flower,flower_part
part_term,foliage,foliage,leaf_part
part_term,feuillage,foliage,leaf_part
part_term,frondes,foliage,leaf_part
part_term,follaje,foliage,leaf_part
part_term,Laub,foliage,leaf_part
part_term,yeşillik,foliage,leaf_part
part_term,folhagem,foliage,leaf_part
part_term,fr,fruit,fruit_part
part_term,fr*,fruit,fruit_part
part_term,fr,fruit,fruit_part
part_term,Fr,fruit,fruit_part
part_term,franco,fruit,fruit_part
part_term,fr.,fruit,fruit_part
part_term,Fr.,fruit,fruit_part
part_term,frag.,fruit,fruit_part
part_term,fruit,fruit,fruit_part
part_term,fructus,fruit,fruit_part
part_term,fruta,fruit,fruit_part
part_term,Obst,fruit,fruit_part
part_term,meyve,fruit,fruit_part
part_term,fruta,fruit,fruit_part
part_term,fruiting perianth,perianth,fruit_part
part_term,périanthe fructifère,perianth,fruit_part
part_term,fructificatio perigonii,perianth,fruit_part
part_term,perianto fructífero,perianth,fruit_part
part_term,fruchtende Blütenhülle,perianth,fruit_part
part_term,meyve veren periant,perianth,fruit_part
part_term,perianto frutífero,perianth,fruit_part
part_term,fruits,fruit,fruit_part
part_term,fructus,fruit,fruit_part
part_term,frutas,fruit,fruit_part
part_term,Früchte,fruit,fruit_part
part_term,meyveler,fruit,fruit_part
part_term,frutas,fruit,fruit_part
part_term,funicle,funicle,female_flower_part
part_term,funicule,funicle,female_flower_part
part_term,funicle,funicle,female_flower_part
part_term,funículo,funicle,female_flower_part
part_term,Standseilbahn,funicle,female_flower_part
part_term,kordon,funicle,female_flower_part
part_term,funículo,funicle,female_flower_part
part_term,funicles,funicle,female_flower_part
part_term,funicules,funicle,female_flower_part
part_term,funiculae,funicle,female_flower_part
part_term,funículos,funicle,female_flower_part
part_term,Standseilbahnen,funicle,female_flower_part
part_term,funiküller,funicle,female_flower_part
part_term,funículos,funicle,female_flower_part
part_term,funiculus,funiculus,female_flower_part
part_term,funicule,funiculus,female_flower_part
part_term,funiculus,funiculus,female_flower_part
part_term,funículo,funiculus,female_flower_part
part_term,Standseilbahn,funiculus,female_flower_part
part_term,kordon,funiculus,female_flower_part
part_term,funículo,funiculus,female_flower_part
part_term,glomerule,glomerule,inflorescence
part_term,glomérule,glomerule,inflorescence
part_term,glomerule,glomerule,inflorescence
part_term,glomérulo,glomerule,inflorescence
part_term,Glomerule,glomerule,inflorescence
part_term,çiçek kümesi,glomerule,inflorescence
part_term,glomérulo,glomerule,inflorescence
part_term,glomerules,glomerule,inflorescence
part_term,glomérules,glomerule,inflorescence
part_term,glomerules,glomerule,inflorescence
part_term,glomérulos,glomerule,inflorescence
part_term,Glomerulen,glomerule,inflorescence
part_term,glomerüller,glomerule,inflorescence
part_term,glomérulos,glomerule,inflorescence
part_term,gynandrium,gynandrium,male_flower_part
part_term,gynandre,gynandrium,male_flower_part
part_term,gynandrium,gynandrium,male_flower_part
part_term,ginandrio,gynandrium,male_flower_part
part_term,Gynandrium,gynandrium,male_flower_part
part_term,gynandrium,gynandrium,male_flower_part
part_term,ginândrio,gynandrium,male_flower_part
part_term,gynoecia,carpel,female_flower_part
part_term,gynécologie,carpel,female_flower_part
part_term,gynoecia,carpel,female_flower_part
part_term,ginecia,carpel,female_flower_part
part_term,Gynäzie,carpel,female_flower_part
part_term,jinekomasti,carpel,female_flower_part
part_term,ginecia,carpel,female_flower_part
part_term,gynoecium,carpel,female_flower_part
part_term,gynécée,carpel,female_flower_part
part_term,gynoecium,carpel,female_flower_part
part_term,gineceo,carpel,female_flower_part
part_term,Gynäkium,carpel,female_flower_part
part_term,jinekyum,carpel,female_flower_part
part_term,gineceu,carpel,female_flower_part
part_term,gynostegium,gynostegium,male_flower_part
part_term,gynostégie,gynostegium,male_flower_part
part_term,gynostegium,gynostegium,male_flower_part
part_term,ginostegio,gynostegium,male_flower_part
part_term,Gynostegium,gynostegium,male_flower_part
part_term,Jinostegium,gynostegium,male_flower_part
part_term,ginostégio,gynostegium,male_flower_part
part_term,gynophore,gynophore,fruit_part
part_term,ginóforo,gynophore,fruit_part
part_term,Gynophor,gynophore,fruit_part
part_term,jinofor,gynophore,fruit_part
part_term,ginóforo,gynophore,fruit_part
part_term,gynophores,gynophore,fruit_part
part_term,ginóforos,gynophore,fruit_part
part_term,Gynophoren,gynophore,fruit_part
part_term,jinoforlar,gynophore,fruit_part
part_term,ginóforos,gynophore,fruit_part
part_term,head,head,inflorescence
part_term,tête,head,inflorescence
part_term,caput,head,inflorescence
part_term,cabeza,head,inflorescence
part_term,Kopf,head,inflorescence
part_term,KAFA,head,inflorescence
part_term,cabeça,head,inflorescence
part_term,heads,head,inflorescence
part_term,têtes,head,inflorescence
part_term,capitibus,head,inflorescence
part_term,cabezas,head,inflorescence
part_term,Köpfe,head,inflorescence
part_term,kafalar,head,inflorescence
part_term,cabeças,head,inflorescence
part_term,heterothetic,heterothetic,inflorescence
part_term,hétérothétique,heterothetic,inflorescence
part_term,heterothetic,heterothetic,inflorescence
part_term,heterotético,heterothetic,inflorescence
part_term,heterothetisch,heterothetic,inflorescence
part_term,heterotetik,heterothetic,inflorescence
part_term,heterotético,heterothetic,inflorescence
part_term,hilum,hilum,fruit_part
part_term,hile,hilum,fruit_part
part_term,hilum,hilum,fruit_part
part_term,hilio,hilum,fruit_part
part_term,Hilum,hilum,fruit_part
part_term,hilum,hilum,fruit_part
part_term,hilo,hilum,fruit_part
part_term,homeothetic,homeothetic,inflorescence
part_term,homéothétique,homeothetic,inflorescence
part_term,homeothetic,homeothetic,inflorescence
part_term,homeotético,homeothetic,inflorescence
part_term,homöotisch,homeothetic,inflorescence
part_term,homeotik,homeothetic,inflorescence
part_term,homeotético,homeothetic,inflorescence
part_term,hypanthia,hypanthium,flower_part
part_term,hypanthie,hypanthium,flower_part
part_term,hypanthia,hypanthium,flower_part
part_term,hipantia,hypanthium,flower_part
part_term,Hypanthie,hypanthium,flower_part
part_term,hipantiya,hypanthium,flower_part
part_term,hipanto,hypanthium,flower_part
part_term,hypanthium,hypanthium,flower_part
part_term,hypanthe,hypanthium,flower_part
part_term,hypanthium,hypanthium,flower_part
part_term,hipantio,hypanthium,flower_part
part_term,Hypanthium,hypanthium,flower_part
part_term,hipantyum,hypanthium,flower_part
part_term,hipanto,hypanthium,flower_part
part_term,indehiscent,indehiscent,fruit_part
part_term,indéhiscent,indehiscent,fruit_part
part_term,indehiscent,indehiscent,fruit_part
part_term,indehiscente,indehiscent,fruit_part
part_term,unaufhaltsam,indehiscent,fruit_part
part_term,bölünmez,indehiscent,fruit_part
part_term,indeiscente,indehiscent,fruit_part
part_term,indumenta,indumentum,plant_part
part_term,indument,indumentum,plant_part
part_term,indumenta,indumentum,plant_part
part_term,indumentaria,indumentum,plant_part
part_term,indumenta,indumentum,plant_part
part_term,dolaylı,indumentum,plant_part
part_term,indumentária,indumentum,plant_part
part_term,indumentum,indumentum,plant_part
part_term,indumento,indumentum,plant_part
part_term,indumentum,indumentum,plant_part
part_term,alet,indumentum,plant_part
part_term,indumento,indumentum,plant_part
part_term,indumentums,indumentum,plant_part
part_term,indumentos,indumentum,plant_part
part_term,indumentums,indumentum,plant_part
part_term,belgeler,indumentum,plant_part
part_term,indumentos,indumentum,plant_part
part_term,inflorescence,inflorescence,inflorescence
part_term,inflorescentia,inflorescence,inflorescence
part_term,inflorescencia,inflorescence,inflorescence
part_term,Blütenstand,inflorescence,inflorescence
part_term,çiçeklenme,inflorescence,inflorescence
part_term,inflorescência,inflorescence,inflorescence
part_term,inflorescence-axes,inflorescence-axes,inflorescence
part_term,axes d'inflorescence,inflorescence-axes,inflorescence
part_term,inflorescentia axium,inflorescence-axes,inflorescence
part_term,ejes de inflorescencia,inflorescence-axes,inflorescence
part_term,Blütenstandsachsen,inflorescence-axes,inflorescence
part_term,çiçeklenme eksenleri,inflorescence-axes,inflorescence
part_term,eixos de inflorescência,inflorescence-axes,inflorescence
part_term,inflorescences,inflorescence,inflorescence
part_term,inflorescentiae,inflorescence,inflorescence
part_term,inflorescencias,inflorescence,inflorescence
part_term,Blütenstände,inflorescence,inflorescence
part_term,çiçek salkımları,inflorescence,inflorescence
part_term,inflorescências,inflorescence,inflorescence
part_term,inflorescenses,inflorescence,inflorescence
part_term,inflorescences,inflorescence,inflorescence
part_term,inflorescentiae,inflorescence,inflorescence
part_term,inflorescencias,inflorescence,inflorescence
part_term,Blütenstände,inflorescence,inflorescence
part_term,Çiçek salkımları,inflorescence,inflorescence
part_term,inflorescências,inflorescence,inflorescence
part_term,infructescence,infructescence,fruit_part
part_term,infrutescence,infructescence,fruit_part
part_term,infructus,infructescence,fruit_part
part_term,infrutescencia,infructescence,fruit_part
part_term,Fruchtstand,infructescence,fruit_part
part_term,bozulma,infructescence,fruit_part
part_term,infrutescência,infructescence,fruit_part
part_term,infructescences,infructescence,fruit_part
part_term,infrutescences,infructescence,fruit_part
part_term,infructuosae,infructescence,fruit_part
part_term,infrutescencias,infructescence,fruit_part
part_term,Fruchtstände,infructescence,fruit_part
part_term,hasarlar,infructescence,fruit_part
part_term,infrutescências,infructescence,fruit_part
part_term,intemode,intemode,flower_part
part_term,intermode,intemode,flower_part
part_term,intemode,intemode,flower_part
part_term,intermodo,intemode,flower_part
part_term,Zwischenmodus,intemode,flower_part
part_term,ara mod,intemode,flower_part
part_term,modo interno,intemode,flower_part
part_term,interfoliolar segment,interfoliolar segment,plant_part
part_term,segment interfoliolaire,interfoliolar segment,plant_part
part_term,segmentum interfolior,interfoliolar segment,plant_part
part_term,segmento interfoliolar,interfoliolar segment,plant_part
part_term,interfoliolares Segment,interfoliolar segment,plant_part
part_term,yapraklararası segment,interfoliolar segment,plant_part
part_term,segmento interfoliolar,interfoliolar segment,plant_part
part_term,interfoliolar segments,interfoliolar segment,plant_part
part_term,segments interfoliolaires,interfoliolar segment,plant_part
part_term,segmentis interfoliolar,interfoliolar segment,plant_part
part_term,segmentos interfoliolares,interfoliolar segment,plant_part
part_term,interfoliolare Segmente,interfoliolar segment,plant_part
part_term,yapraklararası segmentler,interfoliolar segment,plant_part
part_term,segmentos interfoliolares,interfoliolar segment,plant_part
part_term,interpetiolar segments,interpetiolar segment,plant_part
part_term,segments interpétiolaires,interpetiolar segment,plant_part
part_term,segmentis interpolatis,interpetiolar segment,plant_part
part_term,segmentos interpeciolares,interpetiolar segment,plant_part
part_term,interpetioläre Segmente,interpetiolar segment,plant_part
part_term,interpetiolar segmentler,interpetiolar segment,plant_part
part_term,segmentos interpeciolares,interpetiolar segment,plant_part
part_term,interpinnal segment,interpinnal segment,plant_part
part_term,segment interpinnal,interpinnal segment,plant_part
part_term,interpinnal segmentum,interpinnal segment,plant_part
part_term,segmento interpinnal,interpinnal segment,plant_part
part_term,interpinnales Segment,interpinnal segment,plant_part
part_term,interpinnal segment,interpinnal segment,plant_part
part_term,segmento interpinal,interpinnal segment,plant_part
part_term,interpinnal segments,interpinnal segment,plant_part
part_term,segments interpinnaux,interpinnal segment,plant_part
part_term,interpinnal segments,interpinnal segment,plant_part
part_term,segmentos interpinnales,interpinnal segment,plant_part
part_term,interpinnale Segmente,interpinnal segment,plant_part
part_term,interpinnal bölümler,interpinnal segment,plant_part
part_term,segmentos interpinais,interpinnal segment,plant_part
part_term,introrse,introrse,male_flower_part
part_term,introduction,introrse,male_flower_part
part_term,introrse,introrse,male_flower_part
part_term,introducir,introrse,male_flower_part
part_term,einführen,introrse,male_flower_part
part_term,içeri girme,introrse,male_flower_part
part_term,introvertido,introrse,male_flower_part
part_term,keel,keel,flower_part
part_term,quille,keel,flower_part
part_term,carina,keel,flower_part
part_term,quilla,keel,flower_part
part_term,Kiel,keel,flower_part
part_term,omurga,keel,flower_part
part_term,quilha,keel,flower_part
part_term,keels,keel,flower_part
part_term,quilles,keel,flower_part
part_term,carinae,keel,flower_part
part_term,quillas,keel,flower_part
part_term,Kiele,keel,flower_part
part_term,omurga,keel,flower_part
part_term,quilhas,keel,flower_part
part_term,lamina,lamina,leaf_part
part_term,lame,lamina,leaf_part
part_term,lamina,lamina,leaf_part
part_term,lámina,lamina,leaf_part
part_term,Schicht,lamina,leaf_part
part_term,tabaka,lamina,leaf_part
part_term,lâmina,lamina,leaf_part
part_term,leaf axes,leaf-axis,leaf_part
part_term,axes de feuilles,leaf-axis,leaf_part
part_term,folium secures,leaf-axis,leaf_part
part_term,ejes de hojas,leaf-axis,leaf_part
part_term,Blattachseln,leaf-axis,leaf_part
part_term,yaprak eksenleri,leaf-axis,leaf_part
part_term,eixos de folhas,leaf-axis,leaf_part
part_term,leaf axis,leaf-axis,leaf_part
part_term,axe de la feuille,leaf-axis,leaf_part
part_term,folium axis,leaf-axis,leaf_part
part_term,eje de la hoja,leaf-axis,leaf_part
part_term,Blattachse,leaf-axis,leaf_part
part_term,yaprak ekseni,leaf-axis,leaf_part
part_term,eixo da folha,leaf-axis,leaf_part
part_term,leaf blade,leaf,leaf_part
part_term,limbe de la feuille,leaf,leaf_part
part_term,folium ferrum,leaf,leaf_part
part_term,lámina de la hoja,leaf,leaf_part
part_term,Blattspreite,leaf,leaf_part
part_term,yaprak bıçağı,leaf,leaf_part
part_term,lâmina foliar,leaf,leaf_part
part_term,leaf blades,leaf,leaf_part
part_term,limbes des feuilles,leaf,leaf_part
part_term,folium laminae,leaf,leaf_part
part_term,láminas de las hojas,leaf,leaf_part
part_term,Blattspreiten,leaf,leaf_part
part_term,yaprak bıçakları,leaf,leaf_part
part_term,lâminas de folhas,leaf,leaf_part
part_term,leaf,leaf,leaf_part
part_term,feuille,leaf,leaf_part
part_term,folium,leaf,leaf_part
part_term,hoja,leaf,leaf_part
part_term,Blatt,leaf,leaf_part
part_term,yaprak,leaf,leaf_part
part_term,folha,leaf,leaf_part
part_term,leaf-axes,leaf-axis,leaf_part
part_term,haches-feuilles,leaf-axis,leaf_part
part_term,folium axium,leaf-axis,leaf_part
part_term,hachas de hoja,leaf-axis,leaf_part
part_term,Blattachseln,leaf-axis,leaf_part
part_term,yaprak eksenleri,leaf-axis,leaf_part
part_term,machados de folhas,leaf-axis,leaf_part
part_term,leaf-axis,leaf-axis,leaf_part
part_term,axe de la feuille,leaf-axis,leaf_part
part_term,folium-axis,leaf-axis,leaf_part
part_term,eje de la hoja,leaf-axis,leaf_part
part_term,Blattachse,leaf-axis,leaf_part
part_term,yaprak ekseni,leaf-axis,leaf_part
part_term,eixo da folha,leaf-axis,leaf_part
part_term,leaf-bracteate,leaf-bracteate,leaf_part
part_term,feuille-bractée,leaf-bracteate,leaf_part
part_term,folium-bracteatum,leaf-bracteate,leaf_part
part_term,bracteato de hoja,leaf-bracteate,leaf_part
part_term,Blattbrakteat,leaf-bracteate,leaf_part
part_term,yaprak-braktat,leaf-bracteate,leaf_part
part_term,folha-bracteada,leaf-bracteate,leaf_part
part_term,leaf-stalk,leaf-stalk,leaf_part
part_term,tige de feuille,leaf-stalk,leaf_part
part_term,caulis,leaf-stalk,leaf_part
part_term,tallo de hoja,leaf-stalk,leaf_part
part_term,Blattstiel,leaf-stalk,leaf_part
part_term,yaprak sapı,leaf-stalk,leaf_part
part_term,talo de folha,leaf-stalk,leaf_part
part_term,leaf-stalks,leaf-stalk,leaf_part
part_term,tiges de feuilles,leaf-stalk,leaf_part
part_term,caules,leaf-stalk,leaf_part
part_term,tallos de hojas,leaf-stalk,leaf_part
part_term,Blattstiele,leaf-stalk,leaf_part
part_term,yaprak sapları,leaf-stalk,leaf_part
part_term,talos de folhas,leaf-stalk,leaf_part
part_term,leaflet blade,leaflet,leaf_part
part_term,lame de dépliant,leaflet,leaf_part
part_term,Foliolum lamina,leaflet,leaf_part
part_term,hoja del folleto,leaflet,leaf_part
part_term,Blättchenblatt,leaflet,leaf_part
part_term,broşür bıçağı,leaflet,leaf_part
part_term,lâmina de folheto,leaflet,leaf_part
part_term,leaflet blades,leaflet,leaf_part
part_term,lames de dépliant,leaflet,leaf_part
part_term,foliolum,leaflet,leaf_part
part_term,hojas de folletos,leaflet,leaf_part
part_term,Blättchenblätter,leaflet,leaf_part
part_term,broşür bıçakları,leaflet,leaf_part
part_term,lâminas de folheto,leaflet,leaf_part
part_term,leaflet,leaflet,leaf_part
part_term,brochure,leaflet,leaf_part
part_term,foliolum,leaflet,leaf_part
part_term,prospecto,leaflet,leaf_part
part_term,Broschüre,leaflet,leaf_part
part_term,broşür,leaflet,leaf_part
part_term,folheto,leaflet,leaf_part
part_term,leaflet-pair,leaflet,leaf_part
part_term,paire de feuillets,leaflet,leaf_part
part_term,folium par,leaflet,leaf_part
part_term,par de folletos,leaflet,leaf_part
part_term,Blättchenpaar,leaflet,leaf_part
part_term,broşür çifti,leaflet,leaf_part
part_term,par de folhetos,leaflet,leaf_part
part_term,leaflet-pairs,leaflet,leaf_part
part_term,paires de folioles,leaflet,leaf_part
part_term,foliolum-jugis,leaflet,leaf_part
part_term,pares de folletos,leaflet,leaf_part
part_term,Blättchenpaare,leaflet,leaf_part
part_term,broşür çiftleri,leaflet,leaf_part
part_term,pares de folhetos,leaflet,leaf_part
part_term,leaflets,leaflet,leaf_part
part_term,dépliants,leaflet,leaf_part
part_term,foliolis,leaflet,leaf_part
part_term,folletos,leaflet,leaf_part
part_term,Flugblätter,leaflet,leaf_part
part_term,broşürler,leaflet,leaf_part
part_term,folhetos,leaflet,leaf_part
part_term,leafstalk,leaf-stalk,leaf_part
part_term,pétiole,leaf-stalk,leaf_part
part_term,leafstalk,leaf-stalk,leaf_part
part_term,tallo de hoja,leaf-stalk,leaf_part
part_term,Blattstiel,leaf-stalk,leaf_part
part_term,yaprak sapı,leaf-stalk,leaf_part
part_term,caule de folha,leaf-stalk,leaf_part
part_term,leafstalks,leaf-stalk,leaf_part
part_term,pétioles,leaf-stalk,leaf_part
part_term,folia,leaf-stalk,leaf_part
part_term,tallos de hojas,leaf-stalk,leaf_part
part_term,Blattstiele,leaf-stalk,leaf_part
part_term,yaprak sapları,leaf-stalk,leaf_part
part_term,talos de folhas,leaf-stalk,leaf_part
part_term,leaved,,leaf_part
part_term,laissé,,leaf_part
part_term,Fraxinus,,leaf_part
part_term,cubierto de hojas,,leaf_part
part_term,verlassen,,leaf_part
part_term,yapraklı,,leaf_part
part_term,com folhas,,leaf_part
part_term,leaves,leaf,leaf_part
part_term,feuilles,leaf,leaf_part
part_term,folia,leaf,leaf_part
part_term,hojas,leaf,leaf_part
part_term,Blätter,leaf,leaf_part
part_term,yapraklar,leaf,leaf_part
part_term,folhas,leaf,leaf_part
part_term,lenticel,lenticel,plant_part
part_term,lenticelle,lenticel,plant_part
part_term,lenticel,lenticel,plant_part
part_term,lenticela,lenticel,plant_part
part_term,Lentizelle,lenticel,plant_part
part_term,mercimek,lenticel,plant_part
part_term,lenticela,lenticel,plant_part
part_term,lenticels,lenticel,plant_part
part_term,lenticelles,lenticel,plant_part
part_term,lenticels,lenticel,plant_part
part_term,lenticelas,lenticel,plant_part
part_term,Lentizellen,lenticel,plant_part
part_term,mercimek,lenticel,plant_part
part_term,lenticelas,lenticel,plant_part
part_term,lf,leaf,leaf_part
part_term,si,leaf,leaf_part
part_term,lf*,leaf,leaf_part
part_term,si,leaf,leaf_part
part_term,lf,leaf,leaf_part
part_term,eğer,leaf,leaf_part
part_term,Se,leaf,leaf_part
part_term,lf-axes,leaf-axis,leaf_part
part_term,axes lf,leaf-axis,leaf_part
part_term,lf-axes,leaf-axis,leaf_part
part_term,ejes lf,leaf-axis,leaf_part
part_term,LF-Achsen,leaf-axis,leaf_part
part_term,lf eksenleri,leaf-axis,leaf_part
part_term,eixos lf,leaf-axis,leaf_part
part_term,lf-axis,leaf-axis,leaf_part
part_term,axe lf,leaf-axis,leaf_part
part_term,lf-axis,leaf-axis,leaf_part
part_term,eje lf,leaf-axis,leaf_part
part_term,LF-Achse,leaf-axis,leaf_part
part_term,lf ekseni,leaf-axis,leaf_part
part_term,eixo lf,leaf-axis,leaf_part
part_term,lf-stk,leaf-stalk,leaf_part
part_term,se-stk,leaf-stalk,leaf_part
part_term,lf-stks,leaf-stalk,leaf_part
part_term,lfstk,leaf-stalk,leaf_part
part_term,lfstks,leaf-stalk,leaf_part
part_term,lft,leaflet,leaf_part
part_term,à gauche,leaflet,leaf_part
part_term,lft *,leaflet,leaf_part
part_term,dejar,leaflet,leaf_part
part_term,lft,leaflet,leaf_part
part_term,sol,leaflet,leaf_part
part_term,esquerda,leaflet,leaf_part
part_term,lfts,leaflet,leaf_part
part_term,lffts,leaflet,leaf_part
part_term,lfts,leaflet,leaf_part
part_term,asansörler,leaflet,leaf_part
part_term,lfts,leaflet,leaf_part
part_term,ligule,ligule,leaf_part
part_term,ligula,ligule,leaf_part
part_term,lígula,ligule,leaf_part
part_term,Blatthäutchen,ligule,leaf_part
part_term,ligule,ligule,leaf_part
part_term,lígula,ligule,leaf_part
part_term,locule,locule,female_flower_part
part_term,lieu,locule,female_flower_part
part_term,locule,locule,female_flower_part
part_term,lóculo,locule,female_flower_part
part_term,Lokal,locule,female_flower_part
part_term,lokül,locule,female_flower_part
part_term,lóculo,locule,female_flower_part
part_term,loculus,loculus,female_flower_part
part_term,locus,loculus,female_flower_part
part_term,lóculo,loculus,female_flower_part
part_term,Ort,loculus,female_flower_part
part_term,lokulus,loculus,female_flower_part
part_term,lóculo,loculus,female_flower_part
part_term,lvd,leaved,leaf_part
part_term,valor,leaved,leaf_part
part_term,lvs,leaf,leaf_part
part_term,LV,leaf,leaf_part
part_term,lvs,leaf,leaf_part
part_term,mesocarp,mesocarp,fruit_part
part_term,mésocarpe,mesocarp,fruit_part
part_term,mesocarpio,mesocarp,fruit_part
part_term,Mesokarp,mesocarp,fruit_part
part_term,mezokarp,mesocarp,fruit_part
part_term,mesocarpo,mesocarp,fruit_part
part_term,mid-stem,,plant_part
part_term,milieu de la tige,,plant_part
part_term,medium stem,,plant_part
part_term,tallo medio,,plant_part
part_term,Mittelstiel,,plant_part
part_term,orta gövde,,plant_part
part_term,meio do caule,,plant_part
part_term,monadelphous,monadelphous,male_flower_part
part_term,Monadelphe,monadelphous,male_flower_part
part_term,monadelphous,monadelphous,male_flower_part
part_term,monadelfo,monadelphous,male_flower_part
part_term,monadelphous,monadelphous,male_flower_part
part_term,monadelf,monadelphous,male_flower_part
part_term,monadelfo,monadelphous,male_flower_part
part_term,monochasium,monochasium,inflorescence
part_term,monocasio,monochasium,inflorescence
part_term,Monochasium,monochasium,inflorescence
part_term,monochasium,monochasium,inflorescence
part_term,monocásio,monochasium,inflorescence
part_term,monodelphous,monodelphous,male_flower_part
part_term,monodelphe,monodelphous,male_flower_part
part_term,monodelphous,monodelphous,male_flower_part
part_term,monodelfo,monodelphous,male_flower_part
part_term,monodelphos,monodelphous,male_flower_part
part_term,monodelphous,monodelphous,male_flower_part
part_term,monodelfo,monodelphous,male_flower_part
part_term,multicarpellate,multicarpellate,female_flower_part
part_term,multicarpellé,multicarpellate,female_flower_part
part_term,multicarpellate,multicarpellate,female_flower_part
part_term,multicarpelar,multicarpellate,female_flower_part
part_term,mehrzellig,multicarpellate,female_flower_part
part_term,çokkarpelli,multicarpellate,female_flower_part
part_term,multicarpelado,multicarpellate,female_flower_part
part_term,nectar disk,nectar disk,flower_part
part_term,disque de nectar,nectar disk,flower_part
part_term,nectar orbis,nectar disk,flower_part
part_term,disco de néctar,nectar disk,flower_part
part_term,Nektarscheibe,nectar disk,flower_part
part_term,nektar diski,nectar disk,flower_part
part_term,disco de néctar,nectar disk,flower_part
part_term,nectar disks,nectar disk,flower_part
part_term,disques de nectar,nectar disk,flower_part
part_term,nectar disks,nectar disk,flower_part
part_term,discos de néctar,nectar disk,flower_part
part_term,Nektarscheiben,nectar disk,flower_part
part_term,nektar diskleri,nectar disk,flower_part
part_term,discos de néctar,nectar disk,flower_part
part_term,nectar guide,nectar guide,flower_part
part_term,guide du nectar,nectar guide,flower_part
part_term,nectar dux,nectar guide,flower_part
part_term,guía de néctar,nectar guide,flower_part
part_term,Nektarführer,nectar guide,flower_part
part_term,nektar rehberi,nectar guide,flower_part
part_term,guia de néctar,nectar guide,flower_part
part_term,nectar guides,nectar guide,flower_part
part_term,guides de nectar,nectar guide,flower_part
part_term,nectare ducibus,nectar guide,flower_part
part_term,guías de néctar,nectar guide,flower_part
part_term,Nektarführer,nectar guide,flower_part
part_term,nektar kılavuzları,nectar guide,flower_part
part_term,guias de néctar,nectar guide,flower_part
part_term,nectaries,nectary,flower_part
part_term,nectaires,nectary,flower_part
part_term,nectaries,nectary,flower_part
part_term,nectarios,nectary,flower_part
part_term,Nektarien,nectary,flower_part
part_term,nektarlar,nectary,flower_part
part_term,nectários,nectary,flower_part
part_term,nectary,nectary,flower_part
part_term,nectaire,nectary,flower_part
part_term,nectary,nectary,flower_part
part_term,nectario,nectary,flower_part
part_term,Nektar,nectary,flower_part
part_term,nektar,nectary,flower_part
part_term,nectário,nectary,flower_part
part_term,non-flowering branch,branch,plant_part
part_term,branche non fleurie,branch,plant_part
part_term,non-florens ramus,branch,plant_part
part_term,rama sin flores,branch,plant_part
part_term,nicht blühender Zweig,branch,plant_part
part_term,çiçeksiz dal,branch,plant_part
part_term,ramo sem flor,branch,plant_part
part_term,non-flowering branches,branch,plant_part
part_term,branches non fleuries,branch,plant_part
part_term,ramis non-floris,branch,plant_part
part_term,ramas sin flores,branch,plant_part
part_term,nicht blühende Zweige,branch,plant_part
part_term,çiçeksiz dallar,branch,plant_part
part_term,ramos sem flor,branch,plant_part
part_term,non-flowering stem,stem,plant_part
part_term,tige non fleurie,stem,plant_part
part_term,caule non-floris,stem,plant_part
part_term,tallo sin flores,stem,plant_part
part_term,nicht blühender Stängel,stem,plant_part
part_term,çiçekli olmayan sap,stem,plant_part
part_term,caule sem floração,stem,plant_part
part_term,non-flowering stems,stem,plant_part
part_term,tiges non fleuries,stem,plant_part
part_term,caulibus non-floris,stem,plant_part
part_term,tallos sin flores,stem,plant_part
part_term,nicht blühende Stängel,stem,plant_part
part_term,çiçekli olmayan saplar,stem,plant_part
part_term,caules sem floração,stem,plant_part
part_term,ovaries,ovary,female_flower_part
part_term,les ovaires,ovary,female_flower_part
part_term,ovaria,ovary,female_flower_part
part_term,ovarios,ovary,female_flower_part
part_term,Eierstöcke,ovary,female_flower_part
part_term,yumurtalıklar,ovary,female_flower_part
part_term,ovários,ovary,female_flower_part
part_term,ovary,ovary,female_flower_part
part_term,ovaire,ovary,female_flower_part
part_term,ovarium,ovary,female_flower_part
part_term,ovario,ovary,female_flower_part
part_term,Eierstock,ovary,female_flower_part
part_term,yumurtalık,ovary,female_flower_part
part_term,ovário,ovary,female_flower_part
part_term,ovule,ovary,female_flower_part
part_term,óvulo,ovary,female_flower_part
part_term,Samenanlage,ovary,female_flower_part
part_term,yumurtalık,ovary,female_flower_part
part_term,óvulo,ovary,female_flower_part
part_term,ovules,ovary,female_flower_part
part_term,ovule,ovary,female_flower_part
part_term,ovules,ovary,female_flower_part
part_term,óvulos,ovary,female_flower_part
part_term,Eizellen,ovary,female_flower_part
part_term,yumurtalıklar,ovary,female_flower_part
part_term,óvulos,ovary,female_flower_part
part_term,pachycaul,,plant_part
part_term,paquicaul,,plant_part
part_term,panicle,panicle,inflorescence
part_term,panicule,panicle,inflorescence
part_term,panicula,panicle,inflorescence
part_term,panícula,panicle,inflorescence
part_term,Rispe,panicle,inflorescence
part_term,salkım,panicle,inflorescence
part_term,panícula,panicle,inflorescence
part_term,panicles,panicle,inflorescence
part_term,panicules,panicle,inflorescence
part_term,paniculae,panicle,inflorescence
part_term,panículas,panicle,inflorescence
part_term,Rispen,panicle,inflorescence
part_term,salkımlar,panicle,inflorescence
part_term,panículas,panicle,inflorescence
part_term,paraphyllidia,paraphyllidia,plant_part
part_term,paraphyllidie,paraphyllidia,plant_part
part_term,paraphyllidia,paraphyllidia,plant_part
part_term,parafilidia,paraphyllidia,plant_part
part_term,Paraphyllidien,paraphyllidia,plant_part
part_term,parafillidia,paraphyllidia,plant_part
part_term,parafilídia,paraphyllidia,plant_part
part_term,pedicel,pedicel,flower_part
part_term,pédicelle,pedicel,flower_part
part_term,pedicello,pedicel,flower_part
part_term,pedicelo,pedicel,flower_part
part_term,Stiel,pedicel,flower_part
part_term,sapçık,pedicel,flower_part
part_term,pedicelo,pedicel,flower_part
part_term,pedicels,pedicel,flower_part
part_term,pédicelles,pedicel,flower_part
part_term,pedicellis,pedicel,flower_part
part_term,pedicelos,pedicel,flower_part
part_term,Stiele,pedicel,flower_part
part_term,çiçek sapları,pedicel,flower_part
part_term,pedicelos,pedicel,flower_part
part_term,peduncle,peduncle,flower_part
part_term,pédoncule,peduncle,flower_part
part_term,pedunculus,peduncle,flower_part
part_term,pedúnculo,peduncle,flower_part
part_term,Stiel,peduncle,flower_part
part_term,çiçek sapı,peduncle,flower_part
part_term,pedúnculo,peduncle,flower_part
part_term,peduncles,peduncle,flower_part
part_term,pédoncules,peduncle,flower_part
part_term,pedunculis,peduncle,flower_part
part_term,pedúnculos,peduncle,flower_part
part_term,Stiele,peduncle,flower_part
part_term,çiçek sapları,peduncle,flower_part
part_term,pedúnculos,peduncle,flower_part
part_term,perianth,perianth,flower_part
part_term,périanthe,perianth,flower_part
part_term,perianthium,perianth,flower_part
part_term,periantio,perianth,flower_part
part_term,Blütenhülle,perianth,flower_part
part_term,periant,perianth,flower_part
part_term,perianto,perianth,flower_part
part_term,pericarp,pericarp,fruit_part
part_term,péricarpe,pericarp,fruit_part
part_term,pericarpium,pericarp,fruit_part
part_term,pericarpio,pericarp,fruit_part
part_term,Perikarp,pericarp,fruit_part
part_term,perikarp,pericarp,fruit_part
part_term,pericarpo,pericarp,fruit_part
part_term,perigonium,perianth,leaf_part
part_term,périgone,perianth,leaf_part
part_term,perigonium,perianth,leaf_part
part_term,perigonio,perianth,leaf_part
part_term,Perigonium,perianth,leaf_part
part_term,perigonium,perianth,leaf_part
part_term,perigônio,perianth,leaf_part
part_term,petal,petal,flower_part
part_term,pétale,petal,flower_part
part_term,petal,petal,flower_part
part_term,pétalo,petal,flower_part
part_term,Blütenblatt,petal,flower_part
part_term,Yaprak,petal,flower_part
part_term,pétala,petal,flower_part
part_term,petals,petal,flower_part
part_term,pétales,petal,flower_part
part_term,petala,petal,flower_part
part_term,pétalos,petal,flower_part
part_term,Blütenblätter,petal,flower_part
part_term,Yapraklar,petal,flower_part
part_term,pétalas,petal,flower_part
part_term,petiole blade,petiole,leaf_part
part_term,limbe du pétiole,petiole,leaf_part
part_term,petiolus lamina,petiole,leaf_part
part_term,hoja pecíolo,petiole,leaf_part
part_term,Blattstiel,petiole,leaf_part
part_term,yaprak sapı bıçağı,petiole,leaf_part
part_term,lâmina de pecíolo,petiole,leaf_part
part_term,petiole blades,petiole,leaf_part
part_term,lames du pétiole,petiole,leaf_part
part_term,petiolus laminae,petiole,leaf_part
part_term,láminas del pecíolo,petiole,leaf_part
part_term,Blattstiele,petiole,leaf_part
part_term,yaprak sapı bıçakları,petiole,leaf_part
part_term,lâminas de pecíolo,petiole,leaf_part
part_term,petiole,petiole,leaf_part
part_term,pétiole,petiole,leaf_part
part_term,petiolus,petiole,leaf_part
part_term,pecíolo,petiole,leaf_part
part_term,Blattstiel,petiole,leaf_part
part_term,yaprak sapı,petiole,leaf_part
part_term,pecíolo,petiole,leaf_part
part_term,petioles,petiole,leaf_part
part_term,pétioles,petiole,leaf_part
part_term,petiolis,petiole,leaf_part
part_term,pecíolos,petiole,leaf_part
part_term,Blattstiele,petiole,leaf_part
part_term,yaprak sapları,petiole,leaf_part
part_term,pecíolos,petiole,leaf_part
part_term,petiolule,petiolule,leaf_part
part_term,pétiolule,petiolule,leaf_part
part_term,petiolus,petiolule,leaf_part
part_term,pecíolo,petiolule,leaf_part
part_term,Blattstiel,petiolule,leaf_part
part_term,yaprak sapı,petiolule,leaf_part
part_term,pecíolo,petiolule,leaf_part
part_term,petiolules,petiolule,leaf_part
part_term,pétiolules,petiolule,leaf_part
part_term,petiolulae,petiolule,leaf_part
part_term,peciolulos,petiolule,leaf_part
part_term,Blattstiele,petiolule,leaf_part
part_term,yaprak sapları,petiolule,leaf_part
part_term,pecíolos,petiolule,leaf_part
part_term,phyllode,phyllode,leaf_part
part_term,filodio,phyllode,leaf_part
part_term,Phyllode,phyllode,leaf_part
part_term,filod,phyllode,leaf_part
part_term,filódio,phyllode,leaf_part
part_term,phyllodes,phyllode,leaf_part
part_term,filodes,phyllode,leaf_part
part_term,Phylloden,phyllode,leaf_part
part_term,filodlar,phyllode,leaf_part
part_term,filódios,phyllode,leaf_part
part_term,pinna,pinna,leaf_part
part_term,pavillon,pinna,leaf_part
part_term,pinna,pinna,leaf_part
part_term,pabellón de la oreja,pinna,leaf_part
part_term,Ohrmuschel,pinna,leaf_part
part_term,kulak kepçesi,pinna,leaf_part
part_term,pinna,pinna,leaf_part
part_term,pinna-rachis,pinna-rachis,plant_part
part_term,pavillon du rachis,pinna-rachis,plant_part
part_term,pinna-rachis,pinna-rachis,plant_part
part_term,pinna-raquis,pinna-rachis,plant_part
part_term,Ohrmuschel,pinna-rachis,plant_part
part_term,pinna-rachis,pinna-rachis,plant_part
part_term,pinna-ráquis,pinna-rachis,plant_part
part_term,pinna-rachises,pinna-rachis,plant_part
part_term,pinna-rachis,pinna-rachis,plant_part
part_term,pinna-rachises,pinna-rachis,plant_part
part_term,pinna-raquis,pinna-rachis,plant_part
part_term,Ohrmuscheln,pinna-rachis,plant_part
part_term,pinna-rachises,pinna-rachis,plant_part
part_term,pinna-rachis,pinna-rachis,plant_part
part_term,pinnae,pinnae,leaf_part
part_term,pennes,pinnae,leaf_part
part_term,pinnae,pinnae,leaf_part
part_term,pinnas,pinnae,leaf_part
part_term,Ohrmuscheln,pinnae,leaf_part
part_term,kulak kepçesi,pinnae,leaf_part
part_term,pinas,pinnae,leaf_part
part_term,pinnule,pinnule,leaf_part
part_term,pínula,pinnule,leaf_part
part_term,Blättchen,pinnule,leaf_part
part_term,pinnule,pinnule,leaf_part
part_term,pínula,pinnule,leaf_part
part_term,pinnules,pinnule,leaf_part
part_term,pinnulis,pinnule,leaf_part
part_term,pínulas,pinnule,leaf_part
part_term,Blättchen,pinnule,leaf_part
part_term,pinnüller,pinnule,leaf_part
part_term,pínulas,pinnule,leaf_part
part_term,pistil,pistil,female_flower_part
part_term,pistillum,pistil,female_flower_part
part_term,pistilo,pistil,female_flower_part
part_term,Stempel,pistil,female_flower_part
part_term,pistil,pistil,female_flower_part
part_term,pistilo,pistil,female_flower_part
part_term,pistillode,pistil,female_flower_part
part_term,pistolet,pistil,female_flower_part
part_term,pistillode,pistil,female_flower_part
part_term,pistillodo,pistil,female_flower_part
part_term,pistillode,pistil,female_flower_part
part_term,pistilod,pistil,female_flower_part
part_term,pistilódio,pistil,female_flower_part
part_term,pistillodes,pistil,female_flower_part
part_term,pistolets,pistil,female_flower_part
part_term,pistillodes,pistil,female_flower_part
part_term,pistillodos,pistil,female_flower_part
part_term,Pistilloden,pistil,female_flower_part
part_term,pistillodlar,pistil,female_flower_part
part_term,pistilódios,pistil,female_flower_part
part_term,pistils,carpel,female_flower_part
part_term,pistillis,carpel,female_flower_part
part_term,pistilos,carpel,female_flower_part
part_term,Stempel,carpel,female_flower_part
part_term,pistiller,carpel,female_flower_part
part_term,pistilos,carpel,female_flower_part
part_term,pith,pith,plant_part
part_term,moelle,pith,plant_part
part_term,pith,pith,plant_part
part_term,médula,pith,plant_part
part_term,Mark,pith,plant_part
part_term,öz,pith,plant_part
part_term,medula,pith,plant_part
part_term,placenta,placenta,female_flower_part
part_term,Plazenta,placenta,female_flower_part
part_term,plasenta,placenta,female_flower_part
part_term,placenta,placenta,female_flower_part
part_term,plant,plant,plant_part
part_term,usine,plant,plant_part
part_term,plant,plant,plant_part
part_term,planta,plant,plant_part
part_term,Anlage,plant,plant_part
part_term,bitki,plant,plant_part
part_term,plantar,plant,plant_part
part_term,plants,plant,plant_part
part_term,plantes,plant,plant_part
part_term,plantis,plant,plant_part
part_term,plantas,plant,plant_part
part_term,Pflanzen,plant,plant_part
part_term,bitkiler,plant,plant_part
part_term,plantas,plant,plant_part
part_term,pleurogram,pleurogram,fruit_part
part_term,pleurogramme,pleurogram,fruit_part
part_term,pleurogram,pleurogram,fruit_part
part_term,pleurograma,pleurogram,fruit_part
part_term,Pleurogramm,pleurogram,fruit_part
part_term,plörogram,pleurogram,fruit_part
part_term,pleurograma,pleurogram,fruit_part
part_term,pollen sac,pollen sac,male_flower_part
part_term,sac pollinique,pollen sac,male_flower_part
part_term,pollinis sac,pollen sac,male_flower_part
part_term,saco polínico,pollen sac,male_flower_part
part_term,Pollensack,pollen sac,male_flower_part
part_term,polen kesesi,pollen sac,male_flower_part
part_term,saco polínico,pollen sac,male_flower_part
part_term,pollen sacs,pollen sac,male_flower_part
part_term,sacs à pollen,pollen sac,male_flower_part
part_term,pollinis sacci,pollen sac,male_flower_part
part_term,sacos de polen,pollen sac,male_flower_part
part_term,Pollensäcke,pollen sac,male_flower_part
part_term,polen keseleri,pollen sac,male_flower_part
part_term,sacos polínicos,pollen sac,male_flower_part
part_term,pollen,pollen,male_flower_part
part_term,pollinis,pollen,male_flower_part
part_term,polen,pollen,male_flower_part
part_term,Pollen,pollen,male_flower_part
part_term,polen,pollen,male_flower_part
part_term,pólen,pollen,male_flower_part
part_term,poricidal,poricidal,male_flower_part
part_term,poricide,poricidal,male_flower_part
part_term,poricidal,poricidal,male_flower_part
part_term,poricida,poricidal,male_flower_part
part_term,porizid,poricidal,male_flower_part
part_term,domuz öldürücü,poricidal,male_flower_part
part_term,poricida,poricidal,male_flower_part
part_term,pseudoraceme,pseudoraceme,inflorescence
part_term,pseudoracème,pseudoraceme,inflorescence
part_term,pseudoraceme,pseudoraceme,inflorescence
part_term,pseudoracema,pseudoraceme,inflorescence
part_term,Pseudoracem,pseudoraceme,inflorescence
part_term,sahte rasem,pseudoraceme,inflorescence
part_term,pseudoracema,pseudoraceme,inflorescence
part_term,pseudoracemes,pseudoraceme,inflorescence
part_term,pseudoracèmes,pseudoraceme,inflorescence
part_term,pseudoracemes,pseudoraceme,inflorescence
part_term,pseudoracimos,pseudoraceme,inflorescence
part_term,Pseudoraceme,pseudoraceme,inflorescence
part_term,sahte ırklar,pseudoraceme,inflorescence
part_term,pseudoracemas,pseudoraceme,inflorescence
part_term,pulvini,pulvini,leaf_part
part_term,Pulvini,pulvini,leaf_part
part_term,pulvini,pulvini,leaf_part
part_term,Pulvini,pulvini,leaf_part
part_term,pulvini,pulvini,leaf_part
part_term,pulvinule,pulvinule,leaf_part
part_term,pulvinulus,pulvinule,leaf_part
part_term,pulvinula,pulvinule,leaf_part
part_term,Pulvinule,pulvinule,leaf_part
part_term,pulvinül,pulvinule,leaf_part
part_term,pulvínula,pulvinule,leaf_part
part_term,pulvinules,pulvinule,leaf_part
part_term,pulvinulae,pulvinule,leaf_part
part_term,pulvinulas,pulvinule,leaf_part
part_term,Pulvinules,pulvinule,leaf_part
part_term,pulvinüller,pulvinule,leaf_part
part_term,pulvínulas,pulvinule,leaf_part
part_term,pulvinus,pulvinus,leaf_part
part_term,pulvino,pulvinus,leaf_part
part_term,Pulvinus,pulvinus,leaf_part
part_term,pulvinus,pulvinus,leaf_part
part_term,pulvino,pulvinus,leaf_part
part_term,pyrena,pyrena,fruit_part
part_term,pyrène,pyrena,fruit_part
part_term,pyrena,pyrena,fruit_part
part_term,pirena,pyrena,fruit_part
part_term,Pyrena,pyrena,fruit_part
part_term,piren,pyrena,fruit_part
part_term,pirena,pyrena,fruit_part
part_term,raceme,raceme,inflorescence
part_term,racème,raceme,inflorescence
part_term,raceme,raceme,inflorescence
part_term,racimo,raceme,inflorescence
part_term,Traube,raceme,inflorescence
part_term,salkım,raceme,inflorescence
part_term,racemo,raceme,inflorescence
part_term,racemes,raceme,inflorescence
part_term,racèmes,raceme,inflorescence
part_term,racemes,raceme,inflorescence
part_term,racimos,raceme,inflorescence
part_term,Trauben,raceme,inflorescence
part_term,salkımlar,raceme,inflorescence
part_term,racemos,raceme,inflorescence
part_term,rachis,rachis,plant_part
part_term,raquis,rachis,plant_part
part_term,Rachis,rachis,plant_part
part_term,rakis,rachis,plant_part
part_term,raque,rachis,plant_part
part_term,receptacle,receptacle,flower_part
part_term,réceptacle,receptacle,flower_part
part_term,receptaculum,receptacle,flower_part
part_term,receptáculo,receptacle,flower_part
part_term,Behälter,receptacle,flower_part
part_term,priz,receptacle,flower_part
part_term,receptáculo,receptacle,flower_part
part_term,replum,replum,fruit_part
part_term,replumer,replum,fruit_part
part_term,replum,replum,fruit_part
part_term,replumar,replum,fruit_part
part_term,replum,replum,fruit_part
part_term,yeniden dolgunluk,replum,fruit_part
part_term,repor,replum,fruit_part
part_term,rhipidium,rhipidium,inflorescence
part_term,rhipidio,rhipidium,inflorescence
part_term,Rhipidium,rhipidium,inflorescence
part_term,rhipidyum,rhipidium,inflorescence
part_term,ripidium,rhipidium,inflorescence
part_term,root,root,plant_part
part_term,racine,root,plant_part
part_term,radix,root,plant_part
part_term,raíz,root,plant_part
part_term,Wurzel,root,plant_part
part_term,kök,root,plant_part
part_term,raiz,root,plant_part
part_term,roots,root,plant_part
part_term,racines,root,plant_part
part_term,radices,root,plant_part
part_term,raíces,root,plant_part
part_term,Wurzeln,root,plant_part
part_term,kökler,root,plant_part
part_term,raízes,root,plant_part
part_term,rootstock,rootstock,plant_part
part_term,porte-greffe,rootstock,plant_part
part_term,caudice,rootstock,plant_part
part_term,rizoma,rootstock,plant_part
part_term,Wurzelstock,rootstock,plant_part
part_term,anaç,rootstock,plant_part
part_term,porta-enxerto,rootstock,plant_part
part_term,rootstocks,rootstock,plant_part
part_term,porte-greffes,rootstock,plant_part
part_term,rootstocks,rootstock,plant_part
part_term,portainjertos,rootstock,plant_part
part_term,Wurzelstöcke,rootstock,plant_part
part_term,anaçlar,rootstock,plant_part
part_term,porta-enxertos,rootstock,plant_part
part_term,runner,runner,plant_part
part_term,coureur,runner,plant_part
part_term,cursor,runner,plant_part
part_term,corredor,runner,plant_part
part_term,Läufer,runner,plant_part
part_term,koşucu,runner,plant_part
part_term,corredor,runner,plant_part
part_term,runners,runner,plant_part
part_term,coureurs,runner,plant_part
part_term,cursores,runner,plant_part
part_term,corredores,runner,plant_part
part_term,Läufer,runner,plant_part
part_term,koşucular,runner,plant_part
part_term,corredores,runner,plant_part
part_term,sarcotesta,sarcotesta,fruit_part
part_term,sarcoteste,sarcotesta,fruit_part
part_term,sarcotesta,sarcotesta,fruit_part
part_term,Sarcotesta,sarcotesta,fruit_part
part_term,sarkotesta,sarcotesta,fruit_part
part_term,sarcotesta,sarcotesta,fruit_part
part_term,sclerotesta,sclerotesta,fruit_part
part_term,sclérotesta,sclerotesta,fruit_part
part_term,sclerotesta,sclerotesta,fruit_part
part_term,esclerotesta,sclerotesta,fruit_part
part_term,Sklerotesta,sclerotesta,fruit_part
part_term,sklerotesta,sclerotesta,fruit_part
part_term,esclerotesta,sclerotesta,fruit_part
part_term,seed,seed,fruit_part
part_term,graine,seed,fruit_part
part_term,semen,seed,fruit_part
part_term,semilla,seed,fruit_part
part_term,Samen,seed,fruit_part
part_term,tohum,seed,fruit_part
part_term,semente,seed,fruit_part
part_term,seed-funicle,seed-funicle,female_flower_part
part_term,funicule à graines,seed-funicle,female_flower_part
part_term,semen-funicula,seed-funicle,female_flower_part
part_term,funículo de semillas,seed-funicle,female_flower_part
part_term,Samen-Standseilbahn,seed-funicle,female_flower_part
part_term,tohum-fünikülü,seed-funicle,female_flower_part
part_term,funículo de sementes,seed-funicle,female_flower_part
part_term,seed-testa,testa,fruit_part
part_term,graine-testa,testa,fruit_part
part_term,semen-testa,testa,fruit_part
part_term,prueba de semilla,testa,fruit_part
part_term,Samentesta,testa,fruit_part
part_term,tohum testi,testa,fruit_part
part_term,semente-testa,testa,fruit_part
part_term,seedpod,seedpod,fruit_part
part_term,gousse,seedpod,fruit_part
part_term,seedpod,seedpod,fruit_part
part_term,vaina,seedpod,fruit_part
part_term,Samenkapsel,seedpod,fruit_part
part_term,tohum kabuğu,seedpod,fruit_part
part_term,vagem,seedpod,fruit_part
part_term,seedpods,seedpod,fruit_part
part_term,gousses,seedpod,fruit_part
part_term,seedpods,seedpod,fruit_part
part_term,vainas,seedpod,fruit_part
part_term,Samenkapseln,seedpod,fruit_part
part_term,tohum kabukları,seedpod,fruit_part
part_term,vagens,seedpod,fruit_part
part_term,seeds,seed,fruit_part
part_term,graines,seed,fruit_part
part_term,seminibus,seed,fruit_part
part_term,semillas,seed,fruit_part
part_term,Samen,seed,fruit_part
part_term,tohumlar,seed,fruit_part
part_term,sementes,seed,fruit_part
part_term,sepal,sepal,flower_part
part_term,sépale,sepal,flower_part
part_term,sepalis,sepal,flower_part
part_term,sépalo,sepal,flower_part
part_term,Kelchblatt,sepal,flower_part
part_term,sepal,sepal,flower_part
part_term,sépala,sepal,flower_part
part_term,sepals,sepal,flower_part
part_term,sépales,sepal,flower_part
part_term,sepala,sepal,flower_part
part_term,sépalos,sepal,flower_part
part_term,Kelchblätter,sepal,flower_part
part_term,çanak yapraklar,sepal,flower_part
part_term,sépalas,sepal,flower_part
part_term,septa,septum,female_flower_part
part_term,septos,septum,female_flower_part
part_term,Septen,septum,female_flower_part
part_term,septa,septum,female_flower_part
part_term,septos,septum,female_flower_part
part_term,septum,septum,female_flower_part
part_term,pulpa,septum,female_flower_part
part_term,Septum,septum,female_flower_part
part_term,septum,septum,female_flower_part
part_term,septo,septum,female_flower_part
part_term,set(ul)ae,set(ul)ae,plant_part
part_term,définir(ul)ae,set(ul)ae,plant_part
part_term,set (ul) ae *,set(ul)ae,plant_part
part_term,conjunto(ul)ae,set(ul)ae,plant_part
part_term,set(ul)ae,set(ul)ae,plant_part
part_term,definir(ul)ae,set(ul)ae,plant_part
part_term,setae,setae,plant_part
part_term,soies,setae,plant_part
part_term,setae,setae,plant_part
part_term,setas,setae,plant_part
part_term,Setae,setae,plant_part
part_term,kıl,setae,plant_part
part_term,cerdas,setae,plant_part
part_term,setulae,setulae,plant_part
part_term,setules,setulae,plant_part
part_term,setulae,setulae,plant_part
part_term,sétulas,setulae,plant_part
part_term,Setulae,setulae,plant_part
part_term,setula,setulae,plant_part
part_term,sétulas,setulae,plant_part
part_term,shade-leaf,leaf,leaf_part
part_term,feuille d'ombre,leaf,leaf_part
part_term,umbra-folium,leaf,leaf_part
part_term,hoja de sombra,leaf,leaf_part
part_term,Schattenblatt,leaf,leaf_part
part_term,gölge yaprağı,leaf,leaf_part
part_term,folha de sombra,leaf,leaf_part
part_term,shade-leaves,leaf,leaf_part
part_term,feuilles d'ombre,leaf,leaf_part
part_term,umbra-folia,leaf,leaf_part
part_term,hojas de sombra,leaf,leaf_part
part_term,Schattenblätter,leaf,leaf_part
part_term,Gölge yaprakları,leaf,leaf_part
part_term,folhas de sombra,leaf,leaf_part
part_term,sheath,sheath,leaf_part
part_term,gaine,sheath,leaf_part
part_term,vagina,sheath,leaf_part
part_term,vaina,sheath,leaf_part
part_term,Mantel,sheath,leaf_part
part_term,kılıf,sheath,leaf_part
part_term,bainha,sheath,leaf_part
part_term,sheaves,sheaves,leaf_part
part_term,gerbes,sheaves,leaf_part
part_term,manipuli,sheaves,leaf_part
part_term,gavillas,sheaves,leaf_part
part_term,Garben,sheaves,leaf_part
part_term,demetler,sheaves,leaf_part
part_term,feixes,sheaves,leaf_part
part_term,shrub,shrub,plant_part
part_term,arbuste,shrub,plant_part
part_term,virgultum,shrub,plant_part
part_term,arbusto,shrub,plant_part
part_term,Strauch,shrub,plant_part
part_term,çalı,shrub,plant_part
part_term,arbusto,shrub,plant_part
part_term,shrubs,shrub,plant_part
part_term,arbustes,shrub,plant_part
part_term,frutices,shrub,plant_part
part_term,arbustos,shrub,plant_part
part_term,Sträucher,shrub,plant_part
part_term,çalılar,shrub,plant_part
part_term,arbustos,shrub,plant_part
part_term,solitary,solitary,inflorescence
part_term,solitaire,solitary,inflorescence
part_term,solitarius,solitary,inflorescence
part_term,solitario,solitary,inflorescence
part_term,einsam,solitary,inflorescence
part_term,yalnız,solitary,inflorescence
part_term,solitário,solitary,inflorescence
part_term,spadix,spadix,inflorescence
part_term,spadice,spadix,inflorescence
part_term,spadix,spadix,inflorescence
part_term,espádice,spadix,inflorescence
part_term,Spadix,spadix,inflorescence
part_term,çiçeklenme,spadix,inflorescence
part_term,espádice,spadix,inflorescence
part_term,spica,spica,inflorescence
part_term,espiga,spica,inflorescence
part_term,spica,spica,inflorescence
part_term,başak,spica,inflorescence
part_term,picante,spica,inflorescence
part_term,spicule,spicule,plant_part
part_term,espícula,spicule,plant_part
part_term,Spicule,spicule,plant_part
part_term,spikül,spicule,plant_part
part_term,espícula,spicule,plant_part
part_term,spicules,spicule,plant_part
part_term,espículas,spicule,plant_part
part_term,Spicules,spicule,plant_part
part_term,spiküller,spicule,plant_part
part_term,espículas,spicule,plant_part
part_term,spike,spike,inflorescence
part_term,pointe,spike,inflorescence
part_term,spiculum,spike,inflorescence
part_term,espiga,spike,inflorescence
part_term,Spitze,spike,inflorescence
part_term,başak,spike,inflorescence
part_term,espinho,spike,inflorescence
part_term,spikes,spikes,inflorescence
part_term,pointes,spikes,inflorescence
part_term,spicis,spikes,inflorescence
part_term,zapatillas con clavos,spikes,inflorescence
part_term,Spikes,spikes,inflorescence
part_term,Sivri uçlar,spikes,inflorescence
part_term,picos,spikes,inflorescence
part_term,stalk,stalk,plant_part
part_term,tige,stalk,plant_part
part_term,stipula,stalk,plant_part
part_term,acechar,stalk,plant_part
part_term,Stengel,stalk,plant_part
part_term,sap,stalk,plant_part
part_term,talo,stalk,plant_part
part_term,stalks,stalk,plant_part
part_term,tiges,stalk,plant_part
part_term,caules,stalk,plant_part
part_term,tallos,stalk,plant_part
part_term,Stiele,stalk,plant_part
part_term,saplar,stalk,plant_part
part_term,talos,stalk,plant_part
part_term,stamen,stamen,male_flower_part
part_term,étamine,stamen,male_flower_part
part_term,stamen,stamen,male_flower_part
part_term,estambre,stamen,male_flower_part
part_term,Staubblatt,stamen,male_flower_part
part_term,ercik,stamen,male_flower_part
part_term,estame,stamen,male_flower_part
part_term,stamens,stamen,male_flower_part
part_term,étamines,stamen,male_flower_part
part_term,stamina,stamen,male_flower_part
part_term,estambres,stamen,male_flower_part
part_term,Staubblätter,stamen,male_flower_part
part_term,erkek organlar,stamen,male_flower_part
part_term,estames,stamen,male_flower_part
part_term,staminode,stamen,male_flower_part
part_term,estaminodo,stamen,male_flower_part
part_term,Staminode,stamen,male_flower_part
part_term,staminod,stamen,male_flower_part
part_term,estaminódio,stamen,male_flower_part
part_term,staminodes,stamen,male_flower_part
part_term,estaminodios,stamen,male_flower_part
part_term,Staminodien,stamen,male_flower_part
part_term,staminodlar,stamen,male_flower_part
part_term,estaminódios,stamen,male_flower_part
part_term,staminodia,staminodia,male_flower_part
part_term,estaminodios,staminodia,male_flower_part
part_term,Staminodien,staminodia,male_flower_part
part_term,staminodia,staminodia,male_flower_part
part_term,estaminódia,staminodia,male_flower_part
part_term,staminodial,staminodial,male_flower_part
part_term,cadran stamino,staminodial,male_flower_part
part_term,staminodial,staminodial,male_flower_part
part_term,estaminodial,staminodial,male_flower_part
part_term,staminodial,staminodial,male_flower_part
part_term,staaminodial,staminodial,male_flower_part
part_term,estaminodial,staminodial,male_flower_part
part_term,stem,stem,plant_part
part_term,tige,stem,plant_part
part_term,stem,stem,plant_part
part_term,provenir,stem,plant_part
part_term,Stängel,stem,plant_part
part_term,kök,stem,plant_part
part_term,tronco,stem,plant_part
part_term,stems,stem,plant_part
part_term,tiges,stem,plant_part
part_term,caules,stem,plant_part
part_term,tallos,stem,plant_part
part_term,Stiele,stem,plant_part
part_term,saplar,stem,plant_part
part_term,caules,stem,plant_part
part_term,stigma,stigma,female_flower_part
part_term,stigmate,stigma,female_flower_part
part_term,stigmata,stigma,female_flower_part
part_term,estigma,stigma,female_flower_part
part_term,Stigma,stigma,female_flower_part
part_term,damgalanma,stigma,female_flower_part
part_term,estigma,stigma,female_flower_part
part_term,stigmas,stigma,female_flower_part
part_term,stigmates,stigma,female_flower_part
part_term,stigmata,stigma,female_flower_part
part_term,estigmas,stigma,female_flower_part
part_term,Narben,stigma,female_flower_part
part_term,damgalar,stigma,female_flower_part
part_term,estigmas,stigma,female_flower_part
part_term,stipe,stipe,plant_part
part_term,pied,stipe,plant_part
part_term,stipe,stipe,plant_part
part_term,estípite,stipe,plant_part
part_term,Stiel,stipe,plant_part
part_term,şerit,stipe,plant_part
part_term,estipe,stipe,plant_part
part_term,stipel,stipel,leaf_part
part_term,stylet,stipel,leaf_part
part_term,stipel,stipel,leaf_part
part_term,estípile,stipel,leaf_part
part_term,Stipel,stipel,leaf_part
part_term,stipel,stipel,leaf_part
part_term,estipel,stipel,leaf_part
part_term,stipels,stipels,leaf_part
part_term,stipulations,stipels,leaf_part
part_term,stipels,stipels,leaf_part
part_term,estípelas,stipels,leaf_part
part_term,Stipel,stipels,leaf_part
part_term,kurallar,stipels,leaf_part
part_term,estiletes,stipels,leaf_part
part_term,stipes,stipe,plant_part
part_term,stipe,stipe,plant_part
part_term,stipes,stipe,plant_part
part_term,estípites,stipe,plant_part
part_term,Stiele,stipe,plant_part
part_term,çizgiler,stipe,plant_part
part_term,estipes,stipe,plant_part
part_term,stipular spines,,leaf_part
part_term,épines stipulaires,,leaf_part
part_term,stipular spinae,,leaf_part
part_term,espinas estipulares,,leaf_part
part_term,Nebenstacheln,,leaf_part
part_term,stiküler dikenler,,leaf_part
part_term,espinhos estipulares,,leaf_part
part_term,stipule,stipule,leaf_part
part_term,stipulae,stipule,leaf_part
part_term,estípula,stipule,leaf_part
part_term,Nebenblatt,stipule,leaf_part
part_term,şart,stipule,leaf_part
part_term,estipulação,stipule,leaf_part
part_term,stipules,stipule,leaf_part
part_term,stipulae,stipule,leaf_part
part_term,estipulaciones,stipule,leaf_part
part_term,Nebenblätter,stipule,leaf_part
part_term,Şartlar,stipule,leaf_part
part_term,estípulas,stipule,leaf_part
part_term,stipuloid,stipuloid,leaf_part
part_term,stipuloïde,stipuloid,leaf_part
part_term,stipuloid,stipuloid,leaf_part
part_term,estipulaloide,stipuloid,leaf_part
part_term,stipuloid,stipuloid,leaf_part
part_term,estipulóide,stipuloid,leaf_part
part_term,stk,stalk,plant_part
part_term,stks,stalk,plant_part
part_term,pièces,stalk,plant_part
part_term,stks,stalk,plant_part
part_term,piezas,stalk,plant_part
part_term,stks,stalk,plant_part
part_term,stock,rootstock,plant_part
part_term,action,rootstock,plant_part
part_term,stock,rootstock,plant_part
part_term,existencias,rootstock,plant_part
part_term,Aktie,rootstock,plant_part
part_term,stoklamak,rootstock,plant_part
part_term,estoque,rootstock,plant_part
part_term,stolon,stolon,plant_part
part_term,estolón,stolon,plant_part
part_term,Ausläufer,stolon,plant_part
part_term,dışkı,stolon,plant_part
part_term,roubo,stolon,plant_part
part_term,stolons,stolons,plant_part
part_term,capreoli,stolons,plant_part
part_term,estolones,stolons,plant_part
part_term,Ausläufer,stolons,plant_part
part_term,tabureler,stolons,plant_part
part_term,roubos,stolons,plant_part
part_term,subshrub,shrub,plant_part
part_term,sous-arbuste,shrub,plant_part
part_term,subshrub,shrub,plant_part
part_term,subarbusto,shrub,plant_part
part_term,Halbstrauch,shrub,plant_part
part_term,alt çalı,shrub,plant_part
part_term,subarbusto,shrub,plant_part
part_term,subshrubs,shrub,plant_part
part_term,sous-arbustes,shrub,plant_part
part_term,subshrubs,shrub,plant_part
part_term,subarbustos,shrub,plant_part
part_term,Halbsträucher,shrub,plant_part
part_term,alt çalılar,shrub,plant_part
part_term,subarbustos,shrub,plant_part
part_term,suture,suture,fruit_part
part_term,sutura,suture,fruit_part
part_term,Naht,suture,fruit_part
part_term,dikiş,suture,fruit_part
part_term,sutura,suture,fruit_part
part_term,syngenesious,syngenesious,male_flower_part
part_term,syngénésique,syngenesious,male_flower_part
part_term,syngenesious,syngenesious,male_flower_part
part_term,singenesioso,syngenesious,male_flower_part
part_term,syngenös,syngenesious,male_flower_part
part_term,türdeş,syngenesious,male_flower_part
part_term,singeneso,syngenesious,male_flower_part
part_term,tepal,tepal,flower_part
part_term,tépale,tepal,flower_part
part_term,tepal,tepal,flower_part
part_term,tépalo,tepal,flower_part
part_term,Tepal,tepal,flower_part
part_term,tepal,tepal,flower_part
part_term,tépal,tepal,flower_part
part_term,tepals,tepal,flower_part
part_term,tépales,tepal,flower_part
part_term,phyllis,tepal,flower_part
part_term,tépalos,tepal,flower_part
part_term,Blütenblätter,tepal,flower_part
part_term,tepals,tepal,flower_part
part_term,tépalas,tepal,flower_part
part_term,testa,testa,fruit_part
part_term,prueba,testa,fruit_part
part_term,testa,testa,fruit_part
part_term,tetradynamous,tetradynamous,male_flower_part
part_term,tétradynamique,tetradynamous,male_flower_part
part_term,tetradynamous,tetradynamous,male_flower_part
part_term,tetradinamo,tetradynamous,male_flower_part
part_term,tetradynamisch,tetradynamous,male_flower_part
part_term,dört dinamaklı,tetradynamous,male_flower_part
part_term,tetradinâmico,tetradynamous,male_flower_part
part_term,thyrse,thyrse,inflorescence
part_term,tirso,thyrse,inflorescence
part_term,Thyrse,thyrse,inflorescence
part_term,thyrs,thyrse,inflorescence
part_term,tirso,thyrse,inflorescence
part_term,thyrsoid,thyrsoid,inflorescence
part_term,thyrsoïde,thyrsoid,inflorescence
part_term,thyrsoideus,thyrsoid,inflorescence
part_term,tiroide,thyrsoid,inflorescence
part_term,Schilddrüse,thyrsoid,inflorescence
part_term,tiroid,thyrsoid,inflorescence
part_term,tiróide,thyrsoid,inflorescence
part_term,translator,translator,male_flower_part
part_term,traducteur,translator,male_flower_part
part_term,translator,translator,male_flower_part
part_term,traductor,translator,male_flower_part
part_term,Übersetzer,translator,male_flower_part
part_term,çevirmen,translator,male_flower_part
part_term,tradutor,translator,male_flower_part
part_term,tree,tree,plant_part
part_term,arbre,tree,plant_part
part_term,arbor,tree,plant_part
part_term,árbol,tree,plant_part
part_term,Baum,tree,plant_part
part_term,ağaç,tree,plant_part
part_term,árvore,tree,plant_part
part_term,trees,tree,plant_part
part_term,arbres,tree,plant_part
part_term,arbores,tree,plant_part
part_term,árboles,tree,plant_part
part_term,Bäume,tree,plant_part
part_term,ağaçlar,tree,plant_part
part_term,árvores,tree,plant_part
part_term,trinucleate,trinucleate,male_flower_part
part_term,trinucléé,trinucleate,male_flower_part
part_term,trinucleate,trinucleate,male_flower_part
part_term,trinucleado,trinucleate,male_flower_part
part_term,dreikernig,trinucleate,male_flower_part
part_term,üç çekirdekli,trinucleate,male_flower_part
part_term,trinucleado,trinucleate,male_flower_part
part_term,triple umbel,triple umbel,inflorescence
part_term,triple ombelle,triple umbel,inflorescence
part_term,triplex umbella,triple umbel,inflorescence
part_term,triple umbela,triple umbel,inflorescence
part_term,dreifache Dolde,triple umbel,inflorescence
part_term,üçlü şemsiye,triple umbel,inflorescence
part_term,umbela tripla,triple umbel,inflorescence
part_term,trunk,trunk,plant_part
part_term,tronc,trunk,plant_part
part_term,truncus,trunk,plant_part
part_term,trompa,trunk,plant_part
part_term,Stamm,trunk,plant_part
part_term,gövde,trunk,plant_part
part_term,porta-malas,trunk,plant_part
part_term,trunks,trunk,plant_part
part_term,malles,trunk,plant_part
part_term,truncos,trunk,plant_part
part_term,bañador,trunk,plant_part
part_term,Stämme,trunk,plant_part
part_term,sandıklar,trunk,plant_part
part_term,troncos,trunk,plant_part
part_term,twig,twig,plant_part
part_term,brindille,twig,plant_part
part_term,vimen,twig,plant_part
part_term,ramita,twig,plant_part
part_term,Zweig,twig,plant_part
part_term,dal,twig,plant_part
part_term,galho,twig,plant_part
part_term,twigs,twig,plant_part
part_term,brindilles,twig,plant_part
part_term,viminibus,twig,plant_part
part_term,leña menuda,twig,plant_part
part_term,Zweige,twig,plant_part
part_term,dallar,twig,plant_part
part_term,galhos,twig,plant_part
part_term,umbel,umbel,inflorescence
part_term,umbella,umbel,inflorescence
part_term,umbela,umbel,inflorescence
part_term,Dolde,umbel,inflorescence
part_term,umbel,umbel,inflorescence
part_term,umbela,umbel,inflorescence
part_term,umbels,umbel,inflorescence
part_term,ombelles,umbel,inflorescence
part_term,umbellae,umbel,inflorescence
part_term,umbelas,umbel,inflorescence
part_term,Dolden,umbel,inflorescence
part_term,şemsiye,umbel,inflorescence
part_term,umbelas,umbel,inflorescence
part_term,underbark,underbark,plant_part
part_term,sous écorce,underbark,plant_part
part_term,underbark,underbark,plant_part
part_term,debajo de la corteza,underbark,plant_part
part_term,Unterrinde,underbark,plant_part
part_term,tekne altı,underbark,plant_part
part_term,casca inferior,underbark,plant_part
part_term,unicarpellate,unicarpellate,female_flower_part
part_term,unicarpelle,unicarpellate,female_flower_part
part_term,uniarpellate,unicarpellate,female_flower_part
part_term,unicarpelar,unicarpellate,female_flower_part
part_term,einkarpelliert,unicarpellate,female_flower_part
part_term,tek damarlı,unicarpellate,female_flower_part
part_term,unicarpelado,unicarpellate,female_flower_part
part_term,versatile,versatile,male_flower_part
part_term,polyvalent,versatile,male_flower_part
part_term,versatile,versatile,male_flower_part
part_term,versátil,versatile,male_flower_part
part_term,vielseitig,versatile,male_flower_part
part_term,çok yönlü,versatile,male_flower_part
part_term,versátil,versatile,male_flower_part
part_term,verticil,verticil,inflorescence
part_term,verticille,verticil,inflorescence
part_term,verticilli,verticil,inflorescence
part_term,verticilo,verticil,inflorescence
part_term,Quirl,verticil,inflorescence
part_term,tepe noktası,verticil,inflorescence
part_term,verticilo,verticil,inflorescence
part_term,verticillaster,verticillaster,inflorescence
part_term,verticille,verticillaster,inflorescence
part_term,verticillaster,verticillaster,inflorescence
part_term,verticiláster,verticillaster,inflorescence
part_term,verticillaster,verticillaster,inflorescence
part_and,&,,
part_and,,,
part_and,and,,
part_and,et,,
part_and,y,,
part_and,Und,,
part_and,Ve,,
part_and,e,,
part_and,et,,
part_and,y,,
part_and,et,,
part_and,ve,,
part_and,et,,
part_leader,alternate,,
part_leader,alterner,,
part_leader,alterno,,
part_leader,alternar,,
part_leader,wechseln,,
part_leader,alternatif,,
part_leader,alternar,,
part_leader,palmately,,
part_leader,palmé,,
part_leader,palmate,,
part_leader,palmadamente,,
part_leader,handförmig,,
part_leader,avuç içi,,
part_leader,palmadamente,,
part_leader,primary,,
part_leader,primaire,,
part_leader,primaria,,
part_leader,primario,,
part_leader,primär,,
part_leader,öncelik,,
part_leader,primário,,
part_leader,secondary,,
part_leader,secondaire,,
part_leader,secundarium,,
part_leader,secundario,,
part_leader,sekundär,,
part_leader,ikincil,,
part_leader,secundário,,
